time,open,high,low,close,volume
1778601960000,80260.1,80279.8,80247.4,80276.0,11.032
1778602020000,80276.0,80307.9,80260.7,80281.6,11.689
1778602080000,80281.6,80294.6,80243.6,80264.7,16.839
1778602140000,80264.7,80320.0,80253.2,80320.0,18.575
1778602200000,80320.0,80337.0,80277.6,80284.0,41.332
1778602260000,80284.0,80311.3,80284.0,80306.1,9.001
1778602320000,80306.1,80312.1,80276.3,80311.2,18.71
1778602380000,80311.2,80381.0,80311.2,80375.3,20.665
1778602440000,80375.3,80381.1,80336.7,80336.8,26.729
1778602500000,80336.8,80336.8,80232.0,80246.4,101.649
1778602560000,80246.4,80246.5,80159.8,80195.5,93.291
1778602620000,80195.5,80278.6,80195.4,80255.1,44.518
1778602680000,80255.1,80292.7,80255.1,80277.3,11.515
1778602740000,80277.3,80341.5,80277.3,80313.2,43.626
1778602800000,80313.2,80363.8,80301.0,80358.5,22.648
1778602860000,80358.5,80372.5,80259.6,80259.6,38.11
1778602920000,80259.6,80304.1,80254.5,80304.0,14.59
1778602980000,80304.0,80304.1,80264.4,80264.8,17.108
1778603040000,80264.8,80266.0,80230.4,80258.3,25.535
1778603100000,80258.3,80266.2,80205.5,80209.2,21.809
1778603160000,80209.2,80244.6,80203.0,80244.5,25.782
1778603220000,80244.5,80245.2,80223.1,80237.5,14.498
1778603280000,80237.5,80293.9,80237.5,80293.9,15.559
1778603340000,80293.9,80293.9,80242.6,80242.6,10.443
1778603400000,80242.6,80263.7,80239.7,80244.8,15.172
1778603460000,80244.8,80279.1,80219.9,80276.7,38.48
1778603520000,80276.7,80276.7,80237.2,80243.5,16.563
1778603580000,80243.5,80243.5,80204.5,80207.7,17.262
1778603640000,80207.7,80235.0,80207.6,80235.0,12.917
1778603700000,80235.0,80260.1,80228.2,80246.3,13.092
1778603760000,80246.3,80300.0,80246.3,80300.0,29.138
1778603820000,80300.0,80304.4,80263.1,80269.6,23.872
1778603880000,80269.6,80277.3,80233.2,80249.0,17.057
1778603940000,80249.0,80260.5,80236.0,80249.4,7.198
1778604000000,80249.4,80288.0,80249.3,80268.4,19.636
1778604060000,80268.4,80268.4,80213.5,80227.6,16.69
1778604120000,80227.6,80227.6,80164.6,80198.4,27.712
1778604180000,80198.4,80228.0,80197.1,80207.5,8.507
1778604240000,80207.5,80221.8,80205.3,80215.8,6.378
1778604300000,80215.8,80246.6,80043.9,80081.1,338.994
1778604360000,80081.1,80081.1,79888.0,79906.4,724.926
1778604420000,79906.4,79932.6,79834.0,79879.9,325.185
1778604480000,79879.9,79939.8,79842.6,79897.6,153.149
1778604540000,79897.6,79965.0,79892.5,79943.3,108.538
1778604600000,79943.3,79951.5,79810.2,79827.5,143.266
1778604660000,79827.5,79899.0,79800.1,79889.1,142.184
1778604720000,79889.1,79915.8,79855.1,79858.7,62.658
1778604780000,79858.7,79912.9,79855.8,79899.8,40.809
1778604840000,79899.8,79943.7,79860.9,79943.7,63.539
1778604900000,79943.7,79957.8,79888.3,79950.6,75.143
1778604960000,79950.6,80007.3,79948.9,79998.6,69.464
1778605020000,79998.6,80064.7,79960.9,80001.6,242.495
1778605080000,80001.6,80017.9,79950.0,79950.0,101.875
1778605140000,79950.0,79970.0,79950.0,79962.0,35.232
1778605200000,79962.0,80004.3,79909.1,79991.9,98.056
1778605260000,79991.9,80027.5,79991.9,80000.0,25.865
1778605320000,80000.0,80049.1,80000.0,80044.2,76.442
1778605380000,80044.2,80083.7,80003.4,80081.1,84.122
1778605440000,80081.1,80096.4,80059.1,80078.1,35.358
1778605500000,80078.1,80096.2,80063.4,80096.2,52.231
1778605560000,80096.2,80106.7,80076.8,80083.9,38.855
1778605620000,80083.9,80107.8,80071.2,80088.9,61.013
1778605680000,80088.9,80095.8,80027.3,80042.0,28.401
1778605740000,80042.0,80048.8,80006.4,80025.7,17.907
1778605800000,80025.7,80099.1,80013.0,80095.4,28.099
1778605860000,80095.4,80108.0,80089.8,80091.0,17.385
1778605920000,80091.0,80145.3,80082.2,80141.9,94.003
1778605980000,80141.9,80169.2,80138.0,80169.1,36.237
1778606040000,80169.1,80180.0,80164.6,80175.9,11.446
1778606100000,80175.9,80250.0,80175.8,80248.0,99.827
1778606160000,80248.0,80342.7,80228.8,80293.8,142.816
1778606220000,80293.8,80317.0,80243.2,80250.2,53.1
1778606280000,80250.2,80266.8,80214.0,80250.8,36.392
1778606340000,80250.8,80305.8,80217.7,80305.8,139.929
1778606400000,80305.8,80433.5,80301.4,80333.4,317.411
1778606460000,80333.4,80351.6,80324.3,80326.4,39.967
1778606520000,80326.4,80350.0,80322.0,80339.2,18.741
1778606580000,80339.2,80377.5,80339.2,80369.5,37.31
1778606640000,80369.5,80400.0,80368.3,80379.5,38.968
1778606700000,80379.5,80387.6,80350.0,80350.0,22.629
1778606760000,80350.0,80370.4,80332.8,80366.5,23.71
1778606820000,80366.5,80397.6,80355.5,80386.3,43.233
1778606880000,80386.3,80404.4,80378.1,80384.0,24.686
1778606940000,80384.0,80410.0,80384.0,80387.0,37.02
1778607000000,80387.0,80430.0,80386.9,80430.0,36.046
1778607060000,80430.0,80437.7,80375.2,80387.2,31.098
1778607120000,80387.2,80461.2,80387.2,80432.9,95.345
1778607180000,80432.9,80440.1,80407.5,80409.8,28.283
1778607240000,80409.8,80462.6,80409.8,80455.0,46.328
1778607300000,80455.0,80467.4,80400.0,80400.1,21.514
1778607360000,80400.1,80440.7,80400.1,80440.6,17.784
1778607420000,80440.6,80450.0,80415.6,80425.7,21.873
1778607480000,80425.7,80432.6,80385.2,80413.9,54.171
1778607540000,80413.9,80453.7,80413.9,80437.0,20.84
1778607600000,80437.0,80445.2,80418.6,80426.3,8.514
1778607660000,80426.3,80433.0,80419.4,80430.3,8.399
1778607720000,80430.3,80451.0,80398.5,80401.8,18.201
1778607780000,80401.8,80429.8,80401.8,80429.8,40.896
1778607840000,80429.8,80475.0,80429.8,80472.4,63.515
1778607900000,80472.4,80497.0,80456.9,80456.9,42.626
1778607960000,80456.9,80457.4,80420.5,80457.3,41.899
1778608020000,80457.3,80481.6,80454.5,80481.6,12.663
1778608080000,80481.6,80481.6,80436.5,80445.0,10.297
1778608140000,80445.0,80455.9,80437.0,80443.4,11.056
1778608200000,80443.4,80459.2,80429.2,80447.1,10.004
1778608260000,80447.1,80478.0,80440.7,80473.0,16.776
1778608320000,80473.0,80505.4,80473.0,80498.8,61.46
1778608380000,80498.8,80522.0,80492.9,80504.1,30.133
1778608440000,80504.1,80550.8,80504.1,80525.9,54.43
1778608500000,80525.9,80550.4,80489.2,80489.2,57.484
1778608560000,80489.2,80511.1,80475.9,80487.1,57.715
1778608620000,80487.1,80503.0,80474.3,80488.4,9.783
1778608680000,80488.4,80488.9,80453.1,80453.1,23.47
1778608740000,80453.1,80487.0,80453.1,80483.3,33.609
1778608800000,80483.3,80514.1,80467.0,80474.5,24.388
1778608860000,80474.5,80492.1,80462.5,80481.2,23.341
1778608920000,80481.2,80489.5,80380.0,80438.0,113.258
1778608980000,80438.0,80483.3,80438.0,80469.1,50.31
1778609040000,80469.1,80469.2,80447.2,80466.2,24.771
1778609100000,80466.2,80492.2,80466.1,80477.1,13.531
1778609160000,80477.1,80499.2,80477.1,80485.2,15.3
1778609220000,80485.2,80485.2,80432.1,80463.5,7.662
1778609280000,80463.5,80480.5,80463.5,80480.5,9.173
1778609340000,80480.5,80499.2,80480.4,80488.6,9.141
1778609400000,80488.6,80499.2,80488.5,80499.2,4.145
1778609460000,80499.2,80505.7,80448.6,80448.7,19.246
1778609520000,80448.7,80469.0,80448.6,80463.1,9.782
1778609580000,80463.1,80468.0,80455.5,80463.4,5.221
1778609640000,80463.4,80499.5,80461.2,80499.5,14.826
1778609700000,80499.5,80527.3,80492.8,80500.0,23.232
1778609760000,80500.0,80524.0,80499.9,80516.0,21.354
1778609820000,80516.0,80527.6,80483.8,80509.8,7.332
1778609880000,80509.8,80511.1,80467.8,80470.7,11.102
1778609940000,80470.7,80484.4,80470.6,80475.3,4.199
1778610000000,80475.3,80506.8,80475.3,80506.8,10.587
1778610060000,80506.8,80530.8,80505.2,80530.8,3.829
1778610120000,80530.8,80539.0,80514.9,80521.7,28.449
1778610180000,80521.7,80537.8,80521.6,80521.7,10.835
1778610240000,80521.7,80521.7,80486.0,80498.0,10.677
1778610300000,80498.0,80536.8,80474.6,80477.0,31.525
1778610360000,80477.0,80498.6,80463.1,80463.1,50.025
1778610420000,80463.1,80472.9,80432.0,80460.4,46.586
1778610480000,80460.4,80481.9,80448.0,80469.0,8.975
1778610540000,80469.0,80471.5,80427.2,80463.9,24.7
1778610600000,80463.9,80497.4,80448.3,80497.4,20.279
1778610660000,80497.4,80517.8,80483.6,80502.8,19.137
1778610720000,80502.8,80515.1,80502.8,80504.5,10.811
1778610780000,80504.5,80528.3,80504.5,80528.3,6.296
1778610840000,80528.3,80529.1,80519.6,80525.0,4.405
1778610900000,80525.0,80532.0,80504.5,80532.0,28.029
1778610960000,80532.0,80599.9,80532.0,80595.3,59.072
1778611020000,80595.3,80610.7,80572.0,80585.3,28.592
1778611080000,80585.3,80609.3,80585.3,80590.4,20.638
1778611140000,80590.4,80610.7,80549.7,80549.7,22.581
1778611200000,80549.7,80589.7,80543.2,80589.7,37.989
1778611260000,80589.7,80591.1,80565.7,80591.1,13.885
1778611320000,80591.1,80611.5,80588.7,80588.8,19.903
1778611380000,80588.8,80616.6,80588.8,80616.6,14.173
1778611440000,80616.6,80648.0,80613.1,80613.2,50.364
1778611500000,80613.2,80660.0,80606.4,80627.9,28.743
1778611560000,80627.9,80638.7,80595.9,80595.9,34.041
1778611620000,80595.9,80599.8,80571.3,80592.7,45.58
1778611680000,80592.7,80610.7,80590.7,80591.0,22.875
1778611740000,80591.0,80600.8,80584.0,80600.7,7.036
1778611800000,80600.7,80625.1,80600.7,80622.2,7.284
1778611860000,80622.2,80658.0,80620.4,80658.0,18.812
1778611920000,80658.0,80669.8,80644.0,80662.3,13.339
1778611980000,80662.3,80713.8,80662.3,80678.1,55.963
1778612040000,80678.1,80712.1,80673.1,80686.8,30.791
1778612100000,80686.8,80686.8,80660.0,80661.8,13.192
1778612160000,80661.8,80720.0,80661.8,80710.3,41.714
1778612220000,80710.3,80710.3,80647.6,80651.0,33.816
1778612280000,80651.0,80665.9,80644.9,80665.9,10.696
1778612340000,80665.9,80665.9,80627.7,80627.9,18.612
1778612400000,80627.9,80678.8,80608.5,80663.2,94.996
1778612460000,80663.2,80704.0,80663.2,80704.0,54.23
1778612520000,80704.0,80738.0,80672.0,80677.2,21.525
1778612580000,80677.2,80690.8,80660.0,80663.6,6.43
1778612640000,80663.6,80687.6,80640.1,80687.6,20.147
1778612700000,80687.6,80710.1,80671.8,80690.4,46.623
1778612760000,80690.4,80700.0,80664.0,80697.9,45.244
1778612820000,80697.9,80732.9,80688.4,80732.9,26.537
1778612880000,80732.9,80738.3,80717.6,80729.4,33.212
1778612940000,80729.4,80750.0,80728.8,80744.2,43.796
1778613000000,80744.2,80770.6,80744.2,80755.5,53.832
1778613060000,80755.5,80775.0,80754.8,80762.4,43.195
1778613120000,80762.4,80771.0,80759.4,80766.2,37.227
1778613180000,80766.2,80798.0,80766.2,80789.4,183.395
1778613240000,80789.4,80789.4,80764.3,80767.6,37.215
1778613300000,80767.6,80800.0,80767.5,80792.1,41.537
1778613360000,80792.1,80792.1,80760.5,80760.5,36.801
1778613420000,80760.5,80760.6,80741.5,80741.5,86.083
1778613480000,80741.5,80741.5,80728.2,80740.3,70.102
1778613540000,80740.3,80749.0,80724.4,80724.4,71.932
1778613600000,80724.4,80731.0,80722.6,80731.0,40.122
1778613660000,80731.0,80740.0,80727.3,80737.8,14.226
1778613720000,80737.8,80737.8,80713.0,80718.8,45.923
1778613780000,80718.8,80720.8,80684.5,80686.9,106.144
1778613840000,80686.9,80720.9,80684.6,80715.3,73.756
1778613900000,80715.3,80715.3,80700.7,80700.7,26.909
1778613960000,80700.7,80725.0,80700.7,80720.2,37.59
1778614020000,80720.2,80725.0,80691.9,80692.0,26.967
1778614080000,80692.0,80708.7,80688.6,80688.6,62.801
1778614140000,80688.6,80688.7,80668.8,80668.8,44.255
1778614200000,80668.8,80706.1,80668.8,80702.8,79.542
1778614260000,80702.8,80716.2,80681.2,80716.1,45.462
1778614320000,80716.1,80725.0,80694.9,80724.2,60.97
1778614380000,80724.2,80724.2,80706.5,80721.4,62.107
1778614440000,80721.4,80750.0,80721.4,80749.0,116.656
1778614500000,80749.0,80765.1,80684.6,80684.7,123.153
1778614560000,80684.7,80702.7,80680.8,80696.5,87.283
1778614620000,80696.5,80702.7,80679.2,80702.5,60.648
1778614680000,80702.5,80720.7,80702.5,80720.6,7.324
1778614740000,80720.6,80739.9,80720.6,80739.9,4.875
1778614800000,80739.9,80764.2,80708.6,80714.9,58.509
1778614860000,80714.9,80736.0,80714.9,80726.5,17.145
1778614920000,80726.5,80726.5,80704.0,80706.1,22.306
1778614980000,80706.1,80711.1,80680.0,80690.1,19.085
1778615040000,80690.1,80714.6,80690.1,80714.2,21.84
1778615100000,80714.2,80729.0,80714.1,80726.4,10.888
1778615160000,80726.4,80726.4,80702.8,80712.0,23.174
1778615220000,80712.0,80733.5,80711.9,80727.4,7.668
1778615280000,80727.4,80748.1,80727.4,80748.0,8.192
1778615340000,80748.0,80753.0,80726.6,80726.6,9.454
1778615400000,80726.6,80752.8,80726.6,80750.0,18.968
1778615460000,80750.0,80795.0,80750.0,80795.0,21.426
1778615520000,80795.0,80800.0,80787.2,80795.0,28.832
1778615580000,80795.0,80830.0,80794.9,80805.1,47.051
1778615640000,80805.1,80805.1,80741.2,80765.2,46.022
1778615700000,80765.2,80790.2,80755.0,80755.0,24.108
1778615760000,80755.0,80784.0,80755.0,80784.0,10.864
1778615820000,80784.0,80793.4,80764.5,80764.5,19.156
1778615880000,80764.5,80781.2,80759.6,80763.1,15.358
1778615940000,80763.1,80800.0,80753.8,80791.6,23.416
1778616000000,80791.6,80808.3,80774.7,80803.1,28.812
1778616060000,80803.1,80817.6,80782.8,80790.9,30.218
1778616120000,80790.9,80790.9,80753.8,80785.1,89.471
1778616180000,80785.1,80797.5,80775.8,80797.5,76.757
1778616240000,80797.5,80840.0,80797.4,80830.1,65.845
1778616300000,80830.1,80830.1,80789.4,80789.4,32.09
1778616360000,80789.4,80806.7,80780.5,80798.9,26.706
1778616420000,80798.9,80820.6,80796.3,80796.4,27.599
1778616480000,80796.4,80796.4,80775.1,80775.1,21.192
1778616540000,80775.1,80776.3,80755.3,80758.2,28.722
1778616600000,80758.2,80758.3,80713.5,80713.6,54.079
1778616660000,80713.6,80719.0,80683.5,80706.1,64.522
1778616720000,80706.1,80729.2,80705.0,80728.4,31.951
1778616780000,80728.4,80733.0,80712.4,80712.4,51.022
1778616840000,80712.4,80723.5,80712.1,80720.1,29.829
1778616900000,80720.1,80742.9,80719.2,80736.9,16.098
1778616960000,80736.9,80736.9,80694.8,80705.0,34.536
1778617020000,80705.0,80727.8,80705.0,80726.3,8.831
1778617080000,80726.3,80760.6,80726.3,80760.6,6.727
1778617140000,80760.6,80760.6,80748.0,80748.0,3.72
1778617200000,80748.0,80748.1,80727.7,80727.7,4.438
1778617260000,80727.7,80727.8,80727.7,80727.7,1.173
1778617320000,80727.7,80727.8,80714.9,80714.9,7.179
1778617380000,80714.9,80751.5,80714.9,80751.5,2.359
1778617440000,80751.5,80760.5,80745.2,80747.3,6.897
1778617500000,80747.3,80774.6,80747.2,80774.6,13.672
1778617560000,80774.6,80774.6,80757.7,80757.7,4.507
1778617620000,80757.7,80757.8,80737.6,80755.8,4.673
1778617680000,80755.8,80761.4,80755.8,80761.3,5.012
1778617740000,80761.3,80770.2,80761.3,80770.1,4.625
1778617800000,80770.1,80770.2,80746.1,80752.5,3.387
1778617860000,80752.5,80752.6,80730.0,80730.0,4.157
1778617920000,80730.0,80730.1,80664.2,80700.2,46.495
1778617980000,80700.2,80713.2,80700.1,80706.5,6.023
1778618040000,80706.5,80706.6,80690.7,80701.5,5.779
1778618100000,80701.5,80701.5,80667.5,80684.8,47.71
1778618160000,80684.8,80691.5,80663.0,80665.4,11.758
1778618220000,80665.4,80670.0,80633.7,80645.3,28.605
1778618280000,80645.3,80673.0,80611.2,80613.9,41.95
1778618340000,80613.9,80619.1,80613.9,80619.0,9.493
1778618400000,80619.0,80633.8,80618.9,80630.4,15.295
1778618460000,80630.4,80630.5,80610.8,80612.3,9.895
1778618520000,80612.3,80614.7,80556.4,80614.7,111.619
1778618580000,80614.7,80640.0,80614.6,80639.9,8.68
1778618640000,80639.9,80661.7,80639.9,80661.6,4.248
1778618700000,80661.6,80661.6,80648.1,80659.6,19.571
1778618760000,80659.6,80665.2,80649.8,80649.9,8.622
1778618820000,80649.9,80649.9,80601.4,80608.5,34.981
1778618880000,80608.5,80620.6,80601.0,80617.3,11.149
1778618940000,80617.3,80617.4,80589.2,80600.0,14.39
1778619000000,80600.0,80603.8,80590.0,80600.6,11.958
1778619060000,80600.6,80600.7,80584.1,80592.5,8.616
1778619120000,80592.5,80634.3,80592.5,80634.3,10.057
1778619180000,80634.3,80635.4,80634.0,80634.1,2.676
1778619240000,80634.1,80661.4,80619.6,80661.4,8.709
1778619300000,80661.4,80675.9,80661.3,80663.9,11.118
1778619360000,80663.9,80663.9,80647.2,80651.0,4.715
1778619420000,80651.0,80651.0,80627.3,80627.3,4.564
1778619480000,80627.3,80640.7,80627.3,80631.4,9.838
1778619540000,80631.4,80665.1,80631.3,80646.8,25.387
1778619600000,80646.8,80681.4,80646.8,80681.4,21.919
1778619660000,80681.4,80692.9,80625.7,80666.8,24.169
1778619720000,80666.8,80666.8,80647.3,80647.3,3.79
1778619780000,80647.3,80660.7,80647.2,80660.6,2.121
1778619840000,80660.6,80660.7,80660.6,80660.7,2.55
1778619900000,80660.7,80681.9,80655.1,80655.1,7.418
1778619960000,80655.1,80655.2,80655.1,80655.2,1.659
1778620020000,80655.2,80684.0,80655.1,80684.0,4.993
1778620080000,80684.0,80693.3,80671.3,80678.5,40.277
1778620140000,80678.5,80700.8,80678.5,80680.8,7.406
1778620200000,80680.8,80680.9,80680.8,80680.9,0.857
1778620260000,80680.9,80680.9,80671.7,80676.0,7.932
1778620320000,80676.0,80676.0,80664.8,80664.8,3.523
1778620380000,80664.8,80677.1,80646.5,80650.1,29.169
1778620440000,80650.1,80650.2,80642.4,80642.4,3.197
1778620500000,80642.4,80650.2,80638.0,80638.0,2.158
1778620560000,80638.0,80638.1,80633.2,80633.2,6.788
1778620620000,80633.2,80634.1,80633.2,80634.1,8.751
1778620680000,80634.1,80688.1,80634.0,80674.1,11.193
1778620740000,80674.1,80688.0,80644.4,80644.5,24.244
1778620800000,80644.5,80644.5,80634.2,80634.2,3.754
1778620860000,80634.2,80634.3,80628.0,80628.1,4.477
1778620920000,80628.1,80636.2,80605.0,80605.0,20.189
1778620980000,80605.0,80606.7,80605.0,80606.7,5.687
1778621040000,80606.7,80617.9,80605.0,80617.9,6.876
1778621100000,80617.9,80621.1,80595.1,80595.2,11.617
1778621160000,80595.2,80595.2,80595.0,80595.0,4.565
1778621220000,80595.0,80595.1,80582.5,80590.3,6.988
1778621280000,80590.3,80606.3,80580.0,80606.3,27.135
1778621340000,80606.3,80616.9,80606.2,80616.9,2.518
1778621400000,80616.9,80619.5,80612.6,80612.7,7.335
1778621460000,80612.7,80612.7,80595.6,80603.8,5.815
1778621520000,80603.8,80603.9,80584.6,80584.7,2.47
1778621580000,80584.7,80584.7,80524.1,80530.2,30.341
1778621640000,80530.2,80530.3,80515.3,80524.1,8.733
1778621700000,80524.1,80559.5,80521.0,80559.4,9.434
1778621760000,80559.4,80559.5,80518.8,80518.8,9.722
1778621820000,80518.8,80530.3,80518.8,80530.3,2.779
1778621880000,80530.3,80530.3,80511.0,80511.0,16.449
1778621940000,80511.0,80530.3,80500.0,80530.2,17.737
1778622000000,80530.2,80545.8,80530.2,80545.8,4.703
1778622060000,80545.8,80549.5,80545.7,80549.4,3.88
1778622120000,80549.4,80553.3,80542.0,80552.8,13.313
1778622180000,80552.8,80552.9,80485.9,80496.3,25.228
1778622240000,80496.3,80543.8,80496.3,80543.8,8.281
1778622300000,80543.8,80544.0,80485.9,80488.5,15.537
1778622360000,80488.5,80531.5,80488.3,80531.5,5.143
1778622420000,80531.5,80553.0,80520.0,80520.0,5.963
1778622480000,80520.0,80520.0,80510.9,80510.9,2.485
1778622540000,80510.9,80510.9,80441.8,80441.8,59.301
1778622600000,80441.8,80509.8,80441.8,80500.6,28.828
1778622660000,80500.6,80507.1,80450.0,80498.2,9.96
1778622720000,80498.2,80498.2,80490.3,80490.4,4.327
1778622780000,80490.4,80490.4,80485.9,80485.9,1.892
1778622840000,80485.9,80500.0,80485.9,80499.9,1.601
1778622900000,80499.9,80529.2,80498.1,80498.1,14.78
1778622960000,80498.1,80529.2,80498.1,80529.2,13.858
1778623020000,80529.2,80533.7,80518.6,80518.7,6.125
1778623080000,80518.7,80561.7,80518.6,80544.2,46.387
1778623140000,80544.2,80544.3,80543.2,80543.3,2.914
1778623200000,80543.3,80665.2,80543.3,80663.6,95.479
1778623260000,80663.6,80675.8,80636.7,80675.8,49.641
1778623320000,80675.8,80709.3,80642.9,80687.1,40.375
1778623380000,80687.1,80736.8,80687.0,80715.5,35.691
1778623440000,80715.5,80749.5,80715.5,80716.3,13.177
1778623500000,80716.3,80750.0,80716.3,80724.6,30.103
1778623560000,80724.6,80745.0,80710.7,80710.8,25.161
1778623620000,80710.8,80710.8,80675.2,80675.2,17.145
1778623680000,80675.2,80678.1,80643.6,80643.6,6.789
1778623740000,80643.6,80661.1,80632.0,80632.0,4.629
1778623800000,80632.0,80648.1,80599.9,80635.5,24.15
1778623860000,80635.5,80637.0,80596.5,80617.1,17.901
1778623920000,80617.1,80626.4,80608.6,80611.0,11.069
1778623980000,80611.0,80622.0,80593.7,80593.7,5.708
1778624040000,80593.7,80604.0,80575.8,80587.3,6.551
1778624100000,80587.3,80587.3,80567.0,80568.9,5.142
1778624160000,80568.9,80598.4,80568.9,80580.7,11.586
1778624220000,80580.7,80609.2,80580.7,80609.2,3.241
1778624280000,80609.2,80643.2,80609.2,80611.6,10.45
1778624340000,80611.6,80648.6,80611.6,80648.6,23.032
1778624400000,80648.6,80658.9,80626.7,80626.7,6.874
1778624460000,80626.7,80632.5,80611.6,80632.5,7.128
1778624520000,80632.5,80632.5,80610.0,80610.0,4.89
1778624580000,80610.0,80633.0,80610.0,80633.0,3.112
1778624640000,80633.0,80635.8,80615.1,80615.2,9.919
1778624700000,80615.2,80615.2,80582.6,80589.1,4.609
1778624760000,80589.1,80628.7,80585.9,80622.8,21.486
1778624820000,80622.8,80622.9,80616.8,80621.7,1.491
1778624880000,80621.7,80621.7,80608.0,80611.5,1.339
1778624940000,80611.5,80617.4,80611.4,80617.4,1.353
1778625000000,80617.4,80617.4,80602.0,80605.4,2.465
1778625060000,80605.4,80628.7,80594.7,80628.6,6.05
1778625120000,80628.6,80650.6,80628.6,80650.5,2.837
1778625180000,80650.5,80680.6,80650.5,80680.6,14.632
1778625240000,80680.6,80680.6,80617.3,80617.3,14.239
1778625300000,80617.3,80617.3,80587.6,80587.7,7.802
1778625360000,80587.7,80587.7,80570.5,80572.2,8.671
1778625420000,80572.2,80596.5,80572.2,80596.5,2.477
1778625480000,80596.5,80613.3,80596.4,80613.3,3.597
1778625540000,80613.3,80625.2,80600.0,80625.1,3.431
1778625600000,80625.1,80625.2,80606.4,80608.9,2.803
1778625660000,80608.9,80628.2,80608.9,80625.5,6.197
1778625720000,80625.5,80625.5,80600.0,80603.2,2.114
1778625780000,80603.2,80603.9,80603.2,80603.3,2.091
1778625840000,80603.3,80619.4,80595.7,80619.3,3.761
1778625900000,80619.3,80626.2,80613.4,80614.4,4.251
1778625960000,80614.4,80614.7,80598.0,80598.0,2.871
1778626020000,80598.0,80613.7,80589.0,80606.6,3.089
1778626080000,80606.6,80606.7,80587.0,80587.0,2.603
1778626140000,80587.0,80604.4,80587.0,80604.4,2.349
1778626200000,80604.4,80630.0,80604.4,80629.9,4.436
1778626260000,80629.9,80630.0,80604.2,80625.9,3.947
1778626320000,80625.9,80650.0,80625.9,80650.0,12.225
1778626380000,80650.0,80662.0,80645.1,80662.0,3.958
1778626440000,80662.0,80662.0,80647.9,80648.1,2.266
1778626500000,80648.1,80665.3,80645.5,80665.3,6.039
1778626560000,80665.3,80687.9,80665.3,80668.2,4.609
1778626620000,80668.2,80668.2,80643.0,80643.0,3.408
1778626680000,80643.0,80643.1,80620.4,80620.4,12.614
1778626740000,80620.4,80620.5,80605.5,80607.4,2.745
1778626800000,80607.4,80620.0,80588.7,80620.0,26.682
1778626860000,80620.0,80671.5,80620.0,80663.2,14.405
1778626920000,80663.2,80674.8,80632.4,80632.5,10.506
1778626980000,80632.5,80644.3,80632.5,80634.1,2.088
1778627040000,80634.1,80634.2,80627.4,80633.5,2.127
1778627100000,80633.5,80633.6,80604.3,80604.3,5.078
1778627160000,80604.3,80620.4,80588.0,80588.0,13.583
1778627220000,80588.0,80614.3,80583.9,80592.9,11.374
1778627280000,80592.9,80594.1,80578.4,80594.0,4.531
1778627340000,80594.0,80631.7,80594.0,80616.9,8.01
1778627400000,80616.9,80620.6,80613.4,80620.6,3.319
1778627460000,80620.6,80646.4,80620.6,80645.0,4.561
1778627520000,80645.0,80669.8,80645.0,80663.6,6.605
1778627580000,80663.6,80663.6,80566.0,80566.1,13.593
1778627640000,80566.1,80571.0,80525.0,80571.0,35.893
1778627700000,80571.0,80579.9,80553.6,80564.5,7.265
1778627760000,80564.5,80584.0,80564.5,80577.0,10.059
1778627820000,80577.0,80598.3,80570.6,80571.2,5.41
1778627880000,80571.2,80571.3,80554.6,80555.1,2.365
1778627940000,80555.1,80580.4,80555.0,80580.4,10.626
1778628000000,80580.4,80586.1,80562.2,80572.5,15.213
1778628060000,80572.5,80577.3,80557.5,80577.3,15.603
1778628120000,80577.3,80600.0,80577.2,80599.1,2.41
1778628180000,80599.1,80599.1,80562.5,80579.3,10.04
1778628240000,80579.3,80602.3,80568.5,80602.2,4.701
1778628300000,80602.2,80612.3,80600.1,80600.1,5.688
1778628360000,80600.1,80625.5,80600.1,80609.0,1.819
1778628420000,80609.0,80624.3,80609.0,80624.3,3.724
1778628480000,80624.3,80631.6,80624.3,80630.7,5.902
1778628540000,80630.7,80630.8,80609.3,80620.1,7.461
1778628600000,80620.1,80620.2,80608.4,80608.5,4.213
1778628660000,80608.5,80621.1,80608.4,80608.5,4.969
1778628720000,80608.5,80608.5,80570.4,80572.4,18.852
1778628780000,80572.4,80577.8,80555.0,80555.1,8.244
1778628840000,80555.1,80555.1,80504.7,80504.8,12.91
1778628900000,80504.8,80528.3,80488.1,80494.0,24.907
1778628960000,80494.0,80510.6,80460.0,80460.1,25.299
1778629020000,80460.1,80477.0,80453.4,80477.0,31.732
1778629080000,80477.0,80477.0,80431.1,80452.4,28.311
1778629140000,80452.4,80513.7,80452.3,80507.6,13.692
1778629200000,80507.6,80516.5,80506.9,80516.5,1.251
1778629260000,80516.5,80520.0,80481.3,80484.1,16.264
1778629320000,80484.1,80490.9,80479.3,80479.3,3.354
1778629380000,80479.3,80483.5,80470.6,80470.6,7.044
1778629440000,80470.6,80485.0,80439.9,80469.5,109.203
1778629500000,80469.5,80495.4,80451.5,80477.6,17.744
1778629560000,80477.6,80477.7,80414.9,80415.0,24.069
1778629620000,80415.0,80438.4,80402.7,80402.7,45.1
1778629680000,80402.7,80411.4,80382.9,80404.0,57.363
1778629740000,80404.0,80442.1,80399.8,80442.1,17.285
1778629800000,80442.1,80457.0,80423.5,80423.6,19.633
1778629860000,80423.6,80444.3,80423.4,80425.9,4.523
1778629920000,80425.9,80439.7,80409.4,80439.7,5.719
1778629980000,80439.7,80463.2,80439.6,80463.2,13.063
1778630040000,80463.2,80463.2,80433.5,80443.6,5.621
1778630100000,80443.6,80443.6,80420.5,80421.4,8.542
1778630160000,80421.4,80446.0,80421.0,80446.0,7.647
1778630220000,80446.0,80468.8,80446.0,80468.8,13.22
1778630280000,80468.8,80476.4,80460.2,80460.2,5.842
1778630340000,80460.2,80463.4,80459.8,80459.8,4.575
1778630400000,80459.8,80494.1,80451.9,80480.8,10.743
1778630460000,80480.8,80494.2,80454.0,80454.0,9.325
1778630520000,80454.0,80454.0,80403.2,80406.8,30.416
1778630580000,80406.8,80406.8,80362.9,80388.2,55.656
1778630640000,80388.2,80432.6,80382.0,80432.6,17.938
1778630700000,80432.6,80467.8,80432.1,80432.1,16.74
1778630760000,80432.1,80432.2,80409.6,80431.6,6.037
1778630820000,80431.6,80463.1,80431.6,80456.8,8.042
1778630880000,80456.8,80475.5,80439.4,80460.9,7.241
1778630940000,80460.9,80464.0,80408.9,80408.9,6.469
1778631000000,80408.9,80441.9,80408.9,80441.9,4.226
1778631060000,80441.9,80454.0,80417.2,80422.0,7.873
1778631120000,80422.0,80449.7,80412.1,80412.2,7.99
1778631180000,80412.2,80412.5,80375.2,80404.9,18.536
1778631240000,80404.9,80420.0,80404.9,80420.0,5.32
1778631300000,80420.0,80452.3,80404.2,80452.3,10.643
1778631360000,80452.3,80499.0,80452.2,80493.7,24.792
1778631420000,80493.7,80536.1,80481.7,80521.2,25.095
1778631480000,80521.2,80566.1,80518.1,80566.0,9.848
1778631540000,80566.0,80597.4,80534.3,80569.7,16.74
1778631600000,80569.7,80578.3,80538.8,80558.2,10.568
1778631660000,80558.2,80558.2,80538.6,80538.7,8.203
1778631720000,80538.7,80581.7,80538.7,80576.2,8.379
1778631780000,80576.2,80630.8,80576.2,80620.0,29.779
1778631840000,80620.0,80685.1,80619.9,80663.2,33.123
1778631900000,80663.2,80729.8,80663.2,80696.6,102.028
1778631960000,80696.6,80712.2,80662.0,80673.0,38.162
1778632020000,80673.0,80684.8,80662.5,80662.9,9.278
1778632080000,80662.9,80663.0,80620.5,80623.9,25.178
1778632140000,80623.9,80623.9,80586.8,80606.1,10.535
1778632200000,80606.1,80646.0,80606.1,80645.9,10.599
1778632260000,80645.9,80664.0,80629.0,80629.0,10.153
1778632320000,80629.0,80640.0,80613.5,80626.6,4.044
1778632380000,80626.6,80629.7,80595.8,80599.3,17.155
1778632440000,80599.3,80599.3,80582.8,80598.9,6.25
1778632500000,80598.9,80633.8,80598.8,80625.7,5.701
1778632560000,80625.7,80650.0,80620.1,80620.1,7.123
1778632620000,80620.1,80674.1,80620.0,80660.1,11.13
1778632680000,80660.1,80671.0,80651.7,80671.0,7.394
1778632740000,80671.0,80697.0,80650.1,80692.0,11.727
1778632800000,80692.0,80708.8,80683.0,80706.7,15.721
1778632860000,80706.7,80725.3,80700.0,80700.1,9.173
1778632920000,80700.1,80713.2,80685.0,80707.4,8.16
1778632980000,80707.4,80719.4,80691.5,80691.5,9.823
1778633040000,80691.5,80700.0,80687.1,80700.0,2.566
1778633100000,80700.0,80701.9,80639.0,80640.4,9.133
1778633160000,80640.4,80664.7,80639.0,80650.0,4.59
1778633220000,80650.0,80656.1,80639.5,80656.1,2.462
1778633280000,80656.1,80673.7,80653.4,80653.5,4.215
1778633340000,80653.5,80660.7,80638.0,80638.0,5.793
1778633400000,80638.0,80638.0,80563.8,80581.9,126.563
1778633460000,80581.9,80597.0,80574.8,80587.1,10.25
1778633520000,80587.1,80604.6,80568.2,80568.2,13.971
1778633580000,80568.2,80590.7,80559.5,80590.6,5.208
1778633640000,80590.6,80612.2,80590.6,80612.1,3.724
1778633700000,80612.1,80650.2,80612.1,80650.2,10.338
1778633760000,80650.2,80682.0,80650.2,80682.0,6.281
1778633820000,80682.0,80688.1,80682.0,80688.0,5.112
1778633880000,80688.0,80692.1,80655.3,80669.7,12.47
1778633940000,80669.7,80684.6,80653.6,80664.8,15.581
1778634000000,80664.8,80692.0,80653.4,80669.2,22.425
1778634060000,80669.2,80670.0,80635.2,80638.5,13.375
1778634120000,80638.5,80682.8,80625.0,80676.4,8.011
1778634180000,80676.4,80681.2,80662.2,80669.4,8.507
1778634240000,80669.4,80698.7,80669.4,80695.8,5.187
1778634300000,80695.8,80800.0,80695.7,80764.0,108.734
1778634360000,80764.0,80775.8,80740.2,80740.3,41.183
1778634420000,80740.3,80740.3,80707.8,80721.2,7.775
1778634480000,80721.2,80750.0,80721.2,80741.5,3.369
1778634540000,80741.5,80800.0,80741.5,80800.0,16.801
1778634600000,80800.0,80830.0,80777.0,80797.8,35.84
1778634660000,80797.8,80957.1,80797.8,80870.1,273.203
1778634720000,80870.1,80936.2,80870.1,80927.4,44.702
1778634780000,80927.4,80950.7,80888.0,80946.7,49.875
1778634840000,80946.7,80955.0,80894.4,80910.0,34.935
1778634900000,80910.0,80912.1,80843.1,80843.1,25.176
1778634960000,80843.1,80843.1,80815.0,80841.8,15.737
1778635020000,80841.8,80842.5,80820.9,80842.5,11.1
1778635080000,80842.5,80856.3,80822.3,80843.4,23.291
1778635140000,80843.4,80879.9,80824.4,80872.9,10.83
1778635200000,80872.9,81099.0,80872.3,81052.7,481.808
1778635260000,81052.7,81077.6,80983.6,81017.6,181.278
1778635320000,81017.6,81050.0,80986.8,81028.1,58.542
1778635380000,81028.1,81060.3,80980.8,80980.8,98.937
1778635440000,80980.8,80988.3,80962.2,80985.5,26.048
1778635500000,80985.5,80993.6,80951.8,80981.9,20.669
1778635560000,80981.9,81000.0,80979.1,80992.4,21.474
1778635620000,80992.4,81027.8,80992.4,81018.5,29.054
1778635680000,81018.5,81052.0,81018.4,81036.1,26.212
1778635740000,81036.1,81062.9,81011.0,81015.5,30.522
1778635800000,81015.5,81088.3,81015.0,81025.3,120.262
1778635860000,81025.3,81133.7,81019.6,81062.9,131.427
1778635920000,81062.9,81110.0,81053.8,81053.8,32.589
1778635980000,81053.8,81110.8,81045.1,81100.9,23.259
1778636040000,81100.9,81112.9,81071.1,81076.6,41.959
1778636100000,81076.6,81100.0,80986.7,81012.8,30.616
1778636160000,81012.8,81054.4,81010.9,81018.5,28.695
1778636220000,81018.5,81022.7,80993.3,81003.6,15.63
1778636280000,81003.6,81027.5,80991.9,80991.9,11.786
1778636340000,80991.9,81022.0,80991.9,81022.0,14.682
1778636400000,81022.0,81052.0,81021.9,81029.2,21.701
1778636460000,81029.2,81059.9,81029.1,81057.3,12.738
1778636520000,81057.3,81110.6,81054.8,81109.1,27.652
1778636580000,81109.1,81112.9,81069.1,81073.3,16.377
1778636640000,81073.3,81085.8,81060.9,81073.5,23.439
1778636700000,81073.5,81115.0,81073.4,81102.0,64.058
1778636760000,81102.0,81102.0,81013.5,81013.5,8.835
1778636820000,81013.5,81048.7,81013.5,81037.1,18.595
1778636880000,81037.1,81066.6,81037.1,81066.6,9.417
1778636940000,81066.6,81086.6,81066.6,81086.5,22.988
1778637000000,81086.5,81097.2,81030.6,81051.1,60.583
1778637060000,81051.1,81099.6,81047.2,81098.8,57.417
1778637120000,81098.8,81153.0,81039.4,81051.1,90.123
1778637180000,81051.1,81070.0,81046.0,81046.8,11.005
1778637240000,81046.8,81057.7,81013.5,81024.7,11.19
1778637300000,81024.7,81024.8,81006.9,81018.4,9.449
1778637360000,81018.4,81018.4,80992.9,80999.4,59.182
1778637420000,80999.4,81002.6,80965.1,80965.2,25.246
1778637480000,80965.2,80965.4,80935.5,80942.2,29.639
1778637540000,80942.2,80973.6,80942.2,80957.3,14.038
1778637600000,80957.3,80994.2,80954.2,80957.6,79.804
1778637660000,80957.6,80960.2,80933.3,80937.6,90.454
1778637720000,80937.6,80937.6,80899.7,80911.0,17.769
1778637780000,80911.0,80926.7,80890.6,80913.8,11.297
1778637840000,80913.8,80942.3,80911.2,80942.3,18.496
1778637900000,80942.3,80984.5,80942.2,80981.6,25.011
1778637960000,80981.6,80993.5,80969.4,80992.1,30.01
1778638020000,80992.1,80993.2,80979.2,80986.1,11.301
1778638080000,80986.1,81018.0,80985.1,81018.0,24.902
1778638140000,81018.0,81024.0,80996.3,81024.0,21.526
1778638200000,81024.0,81024.0,80983.7,80983.7,9.052
1778638260000,80983.7,80997.3,80979.1,80997.3,21.694
1778638320000,80997.3,81028.1,80997.3,81010.6,37.188
1778638380000,81010.6,81010.6,80996.0,80996.8,5.335
1778638440000,80996.8,81053.8,80996.7,81020.2,24.851
1778638500000,81020.2,81059.5,81020.2,81059.4,14.05
1778638560000,81059.4,81062.1,81031.6,81034.1,15.54
1778638620000,81034.1,81034.1,81000.4,81019.0,12.041
1778638680000,81019.0,81019.0,80989.0,80990.4,8.371
1778638740000,80990.4,81012.6,80985.6,81009.6,8.035
1778638800000,81009.6,81033.8,81006.6,81030.8,7.992
1778638860000,81030.8,81119.4,81030.8,81081.1,29.071
1778638920000,81081.1,81094.9,81071.4,81076.2,25.183
1778638980000,81076.2,81149.8,81076.2,81149.8,33.207
1778639040000,81149.8,81250.6,81149.7,81182.9,371.107
1778639100000,81182.9,81193.0,81144.5,81170.2,71.877
1778639160000,81170.2,81170.4,81109.3,81137.2,21.038
1778639220000,81137.2,81137.2,81073.3,81081.3,47.965
1778639280000,81081.3,81099.1,81063.0,81070.9,13.057
1778639340000,81070.9,81089.4,81066.7,81089.4,11.581
1778639400000,81089.4,81096.0,81075.3,81076.2,11.355
1778639460000,81076.2,81102.7,81045.7,81054.7,18.525
1778639520000,81054.7,81056.8,81014.3,81018.7,20.87
1778639580000,81018.7,81038.8,80993.7,81007.2,24.854
1778639640000,81007.2,81029.5,81007.2,81023.2,14.117
1778639700000,81023.2,81056.3,81022.2,81055.1,9.91
1778639760000,81055.1,81055.1,81032.1,81032.2,7.142
1778639820000,81032.2,81035.4,81015.1,81029.8,13.414
1778639880000,81029.8,81039.2,81015.2,81039.1,19.047
1778639940000,81039.1,81039.1,81003.0,81003.1,8.646
1778640000000,81003.1,81003.1,80980.4,80980.5,26.421
1778640060000,80980.5,80980.5,80965.3,80968.5,27.893
1778640120000,80968.5,81009.2,80968.5,81003.5,118.673
1778640180000,81003.5,81018.6,81003.4,81018.5,18.722
1778640240000,81018.5,81033.7,81011.9,81023.8,5.789
1778640300000,81023.8,81050.0,81011.2,81030.8,17.033
1778640360000,81030.8,81030.8,81001.2,81006.9,24.516
1778640420000,81006.9,81007.0,80997.1,80998.4,20.464
1778640480000,80998.4,81020.0,80990.8,80990.8,4.953
1778640540000,80990.8,81007.3,80990.7,81007.2,4.207
1778640600000,81007.2,81020.6,81007.2,81012.8,3.03
1778640660000,81012.8,81038.0,81012.8,81038.0,8.044
1778640720000,81038.0,81038.3,81021.7,81033.2,6.185
1778640780000,81033.2,81033.2,80981.0,80991.0,7.665
1778640840000,80991.0,81009.2,80971.4,80972.0,8.788
1778640900000,80972.0,80987.9,80968.1,80987.9,19.786
1778640960000,80987.9,81021.6,80987.8,81011.4,10.884
1778641020000,81011.4,81021.9,81003.4,81003.4,7.222
1778641080000,81003.4,81003.5,80989.8,80994.7,12.953
1778641140000,80994.7,81017.0,80994.7,81017.0,10.036
1778641200000,81017.0,81017.0,80991.2,80998.7,9.301
1778641260000,80998.7,81033.0,80996.2,81020.5,16.798
1778641320000,81020.5,81040.4,81020.4,81031.4,11.97
1778641380000,81031.4,81031.5,81005.7,81005.9,2.38
1778641440000,81005.9,81030.2,81005.9,81019.5,9.137
1778641500000,81019.5,81050.0,81019.5,81050.0,11.575
1778641560000,81050.0,81050.0,81026.1,81030.3,4.654
1778641620000,81030.3,81030.3,80978.5,80978.5,13.616
1778641680000,80978.5,80978.6,80938.2,80970.6,22.76
1778641740000,80970.6,80996.7,80970.6,80996.7,14.413
1778641800000,80996.7,81050.0,80996.6,81040.4,17.305
1778641860000,81040.4,81049.9,81003.0,81003.0,4.619
1778641920000,81003.0,81006.5,81000.9,81003.7,6.859
1778641980000,81003.7,81003.7,80981.6,80990.0,4.563
1778642040000,80990.0,80990.0,80960.5,80964.9,10.343
1778642100000,80964.9,80989.1,80964.8,80983.9,11.082
1778642160000,80983.9,80987.1,80980.2,80987.0,4.352
1778642220000,80987.0,80992.2,80970.4,80970.5,4.144
1778642280000,80970.5,80989.9,80970.5,80989.8,4.514
1778642340000,80989.8,80996.4,80937.4,80951.5,43.527
1778642400000,80951.5,80991.3,80951.5,80991.2,4.947
1778642460000,80991.2,80996.2,80970.6,80990.3,19.449
1778642520000,80990.3,80990.3,80974.0,80976.7,7.481
1778642580000,80976.7,80987.0,80972.5,80984.8,8.908
1778642640000,80984.8,80990.0,80979.3,80990.0,3.693
1778642700000,80990.0,81020.1,80989.9,81020.1,7.1
1778642760000,81020.1,81050.0,81020.0,81041.3,5.675
1778642820000,81041.3,81041.3,81018.6,81031.4,12.83
1778642880000,81031.4,81056.0,81031.3,81050.1,9.845
1778642940000,81050.1,81065.1,81050.0,81054.8,5.316
1778643000000,81054.8,81065.7,81054.8,81061.9,3.854
1778643060000,81061.9,81063.0,81050.0,81050.1,13.954
1778643120000,81050.1,81050.1,81036.2,81048.9,8.005
1778643180000,81048.9,81070.0,81015.4,81057.4,63.16
1778643240000,81057.4,81068.4,81052.6,81055.8,4.599
1778643300000,81055.8,81069.8,81043.9,81062.9,4.951
1778643360000,81062.9,81098.2,81062.9,81070.7,16.42
1778643420000,81070.7,81090.9,81054.4,81090.9,15.103
1778643480000,81090.9,81129.2,81085.0,81085.0,88.402
1778643540000,81085.0,81113.6,81085.0,81099.4,7.391
1778643600000,81099.4,81115.0,81099.4,81114.1,5.809
1778643660000,81114.1,81143.7,81109.0,81109.0,44.652
1778643720000,81109.0,81150.0,81100.9,81150.0,24.291
1778643780000,81150.0,81166.7,81150.0,81156.5,13.305
1778643840000,81156.5,81157.4,81140.0,81156.6,20.025
1778643900000,81156.6,81167.1,81156.6,81158.1,6.931
1778643960000,81158.1,81176.0,81140.1,81140.1,27.507
1778644020000,81140.1,81167.4,81134.5,81166.9,12.617
1778644080000,81166.9,81200.0,81165.6,81182.1,30.879
1778644140000,81182.1,81235.9,81182.1,81224.9,38.623
1778644200000,81224.9,81274.4,81202.3,81202.4,207.963
1778644260000,81202.4,81202.4,81165.9,81181.4,33.19
1778644320000,81181.4,81191.8,81170.1,81170.1,8.281
1778644380000,81170.1,81200.0,81170.1,81200.0,11.294
1778644440000,81200.0,81208.8,81199.9,81208.8,7.879
1778644500000,81208.8,81208.8,81181.6,81181.6,9.251
1778644560000,81181.6,81181.7,81162.7,81167.5,8.011
1778644620000,81167.5,81170.1,81164.7,81170.1,9.796
1778644680000,81170.1,81176.6,81168.1,81168.1,6.679
1778644740000,81168.1,81214.3,81168.1,81214.2,21.588
1778644800000,81214.2,81223.4,81197.5,81197.5,25.591
1778644860000,81197.5,81197.5,81168.1,81196.7,21.746
1778644920000,81196.7,81206.6,81183.7,81183.7,7.528
1778644980000,81183.7,81193.3,81177.1,81189.4,11.081
1778645040000,81189.4,81219.5,81185.3,81185.3,12.848
1778645100000,81185.3,81185.3,81156.0,81172.8,16.849
1778645160000,81172.8,81193.9,81170.9,81189.0,6.076
1778645220000,81189.0,81189.1,81167.0,81169.8,14.259
1778645280000,81169.8,81173.9,81158.1,81158.1,5.359
1778645340000,81158.1,81163.6,81118.8,81118.8,12.236
1778645400000,81118.8,81130.0,81108.9,81129.9,32.138
1778645460000,81129.9,81130.0,81101.5,81111.7,18.221
1778645520000,81111.7,81131.6,81111.6,81131.6,6.32
1778645580000,81131.6,81138.7,81131.6,81138.7,1.686
1778645640000,81138.7,81138.7,81138.6,81138.6,3.195
1778645700000,81138.6,81156.3,81114.8,81114.8,14.048
1778645760000,81114.8,81114.9,81077.2,81091.0,56.627
1778645820000,81091.0,81109.7,81091.0,81106.8,16.115
1778645880000,81106.8,81131.8,81106.8,81126.0,10.962
1778645940000,81126.0,81149.2,81126.0,81149.2,3.953
1778646000000,81149.2,81179.2,81149.2,81175.7,33.291
1778646060000,81175.7,81177.0,81175.0,81177.0,7.351
1778646120000,81177.0,81177.0,81176.9,81177.0,3.33
1778646180000,81177.0,81177.0,81150.0,81150.1,9.094
1778646240000,81150.1,81158.0,81140.6,81158.0,58.661
1778646300000,81158.0,81170.3,81153.7,81154.5,8.215
1778646360000,81154.5,81154.5,81134.0,81140.3,8.549
1778646420000,81140.3,81159.5,81140.3,81154.7,4.036
1778646480000,81154.7,81154.8,81141.2,81141.3,4.444
1778646540000,81141.3,81177.3,81128.9,81177.3,50.485
1778646600000,81177.3,81217.4,81166.8,81187.5,38.142
1778646660000,81187.5,81217.0,81186.7,81214.6,10.359
1778646720000,81214.6,81245.6,81214.6,81239.5,23.806
1778646780000,81239.5,81245.8,81206.5,81214.0,54.948
1778646840000,81214.0,81214.0,81147.0,81149.6,43.48
1778646900000,81149.6,81186.7,81149.6,81174.4,14.256
1778646960000,81174.4,81195.4,81172.8,81182.0,11.292
1778647020000,81182.0,81193.9,81173.9,81173.9,10.196
1778647080000,81173.9,81173.9,81165.4,81172.4,5.659
1778647140000,81172.4,81178.4,81162.6,81178.3,3.66
1778647200000,81178.3,81178.3,81162.5,81162.5,3.269
1778647260000,81162.5,81172.2,81148.1,81162.5,29.511
1778647320000,81162.5,81180.1,81162.5,81179.9,5.282
1778647380000,81179.9,81199.3,81179.8,81199.3,6.545
1778647440000,81199.3,81199.3,81150.7,81150.7,9.262
1778647500000,81150.7,81150.8,81150.7,81150.7,1.922
1778647560000,81150.7,81155.1,81147.1,81147.1,4.687
1778647620000,81147.1,81159.6,81134.6,81159.6,15.386
1778647680000,81159.6,81184.6,81159.6,81184.5,4.257
1778647740000,81184.5,81208.1,81184.5,81201.3,14.081
1778647800000,81201.3,81202.0,81174.7,81174.7,3.747
1778647860000,81174.7,81174.8,81164.5,81164.5,1.515
1778647920000,81164.5,81171.0,81158.9,81158.9,7.144
1778647980000,81158.9,81169.3,81149.5,81169.3,3.154
1778648040000,81169.3,81187.5,81169.3,81187.5,2.979
1778648100000,81187.5,81193.3,81187.5,81193.3,1.838
1778648160000,81193.3,81217.3,81176.2,81176.2,16.37
1778648220000,81176.2,81192.5,81173.7,81183.2,6.925
1778648280000,81183.2,81192.1,81183.2,81186.4,2.448
1778648340000,81186.4,81199.2,81183.1,81199.2,13.374
1778648400000,81199.2,81208.7,81187.1,81192.5,7.441
1778648460000,81192.5,81192.6,81173.7,81173.7,3.095
1778648520000,81173.7,81173.7,81142.0,81156.2,18.402
1778648580000,81156.2,81160.0,81142.5,81142.5,10.019
1778648640000,81142.5,81184.2,81142.5,81184.1,5.427
1778648700000,81184.1,81195.4,81166.0,81166.1,7.898
1778648760000,81166.1,81175.5,81166.0,81172.1,3.527
1778648820000,81172.1,81172.2,81150.5,81150.5,3.347
1778648880000,81150.5,81150.6,81126.7,81126.7,21.756
1778648940000,81126.7,81128.5,81124.4,81128.5,5.973
1778649000000,81128.5,81135.0,81128.5,81134.9,1.298
1778649060000,81134.9,81156.3,81128.3,81156.3,8.465
1778649120000,81156.3,81159.4,81137.8,81137.8,5.591
1778649180000,81137.8,81137.8,81132.5,81132.6,5.868
1778649240000,81132.6,81142.5,81124.4,81124.4,8.096
1778649300000,81124.4,81124.4,81094.9,81099.3,22.149
1778649360000,81099.3,81109.1,81093.2,81093.2,15.056
1778649420000,81093.2,81102.1,81084.7,81102.1,17.029
1778649480000,81102.1,81102.1,81066.5,81072.7,22.763
1778649540000,81072.7,81081.3,81059.7,81068.7,52.22
1778649600000,81068.7,81086.8,81058.9,81085.4,13.751
1778649660000,81085.4,81105.6,81080.8,81102.9,10.046
1778649720000,81102.9,81109.6,81083.0,81109.5,12.737
1778649780000,81109.5,81110.9,81097.9,81097.9,4.92
1778649840000,81097.9,81114.3,81097.9,81114.3,6.607
1778649900000,81114.3,81114.4,81090.2,81090.2,7.666
1778649960000,81090.2,81107.4,81090.2,81101.8,13.463
1778650020000,81101.8,81101.8,81097.4,81097.4,3.575
1778650080000,81097.4,81097.5,81083.0,81083.0,17.351
1778650140000,81083.0,81090.2,81080.3,81090.1,6.487
1778650200000,81090.1,81104.2,81068.1,81068.1,28.594
1778650260000,81068.1,81075.8,81008.2,81052.2,162.667
1778650320000,81052.2,81056.6,81049.4,81049.4,5.909
1778650380000,81049.4,81064.3,81049.4,81064.3,5.154
1778650440000,81064.3,81064.3,81027.0,81027.0,71.416
1778650500000,81027.0,81043.3,81027.0,81043.2,11.949
1778650560000,81043.2,81043.3,81043.1,81043.2,4.045
1778650620000,81043.2,81043.2,81021.6,81029.3,30.013
1778650680000,81029.3,81029.4,81011.0,81011.0,13.708
1778650740000,81011.0,81038.0,81011.0,81022.7,20.983
1778650800000,81022.7,81030.0,81003.5,81029.9,31.094
1778650860000,81029.9,81031.2,81014.2,81021.8,8.804
1778650920000,81021.8,81021.8,81010.8,81010.9,7.398
1778650980000,81010.9,81010.9,81003.2,81003.2,6.176
1778651040000,81003.2,81003.3,80980.9,80994.7,60.751
1778651100000,80994.7,81005.3,80994.6,81001.7,17.937
1778651160000,81001.7,81001.8,80983.5,80983.5,19.251
1778651220000,80983.5,80983.5,80970.0,80981.5,22.08
1778651280000,80981.5,81015.9,80981.5,81015.9,7.463
1778651340000,81015.9,81042.2,81015.8,81035.5,25.4
1778651400000,81035.5,81060.0,81035.5,81055.2,19.365
1778651460000,81055.2,81055.2,81037.6,81040.6,11.974
1778651520000,81040.6,81054.9,81040.6,81045.1,4.788
1778651580000,81045.1,81045.1,81014.0,81019.0,5.381
1778651640000,81019.0,81019.1,81004.1,81005.8,16.567
1778651700000,81005.8,81005.9,80980.0,80991.2,24.824
1778651760000,80991.2,80995.0,80979.3,80979.3,7.273
1778651820000,80979.3,80979.3,80963.1,80964.0,22.138
1778651880000,80964.0,80979.4,80964.0,80979.4,48.247
1778651940000,80979.4,80994.5,80979.4,80994.4,10.439
1778652000000,80994.4,80994.5,80994.4,80994.5,4.99
1778652060000,80994.5,81001.9,80965.8,80965.8,23.885
1778652120000,80965.8,80979.6,80962.2,80975.0,12.342
1778652180000,80975.0,80979.7,80968.5,80979.7,5.201
1778652240000,80979.7,81004.8,80979.6,80998.9,10.613
1778652300000,80998.9,81010.4,80998.9,81003.8,8.909
1778652360000,81003.8,81004.6,81003.8,81004.6,7.043
1778652420000,81004.6,81006.9,81004.6,81006.1,5.731
1778652480000,81006.1,81040.7,81006.0,81040.7,22.959
1778652540000,81040.7,81062.0,81040.6,81041.4,28.042
1778652600000,81041.4,81044.5,81041.2,81044.5,2.016
1778652660000,81044.5,81050.6,81033.1,81039.0,8.982
1778652720000,81039.0,81055.0,81039.0,81054.8,5.899
1778652780000,81054.8,81061.6,81052.7,81061.5,22.516
1778652840000,81061.5,81067.3,81056.4,81067.3,9.186
1778652900000,81067.3,81072.0,81047.3,81070.1,23.854
1778652960000,81070.1,81070.1,81045.3,81058.3,12.205
1778653020000,81058.3,81065.8,81045.8,81052.7,12.017
1778653080000,81052.7,81081.0,81052.7,81081.0,7.578
1778653140000,81081.0,81124.5,81080.9,81124.5,20.752
1778653200000,81124.5,81124.5,81084.5,81084.6,9.601
1778653260000,81084.6,81088.9,81029.4,81029.4,17.693
1778653320000,81029.4,81030.3,81019.4,81020.8,10.823
1778653380000,81020.8,81020.8,81008.0,81008.0,5.767
1778653440000,81008.0,81038.3,81008.0,81038.3,7.529
1778653500000,81038.3,81061.8,81024.8,81061.8,9.659
1778653560000,81061.8,81062.0,81026.5,81026.6,14.042
1778653620000,81026.6,81032.3,81018.8,81018.9,8.06
1778653680000,81018.9,81018.9,81008.8,81008.8,6.885
1778653740000,81008.8,81082.0,81000.0,81072.4,124.804
1778653800000,81072.4,81072.4,81051.9,81051.9,5.072
1778653860000,81051.9,81086.3,81051.9,81072.9,13.152
1778653920000,81072.9,81073.0,81040.1,81040.1,3.095
1778653980000,81040.1,81040.1,81024.3,81024.3,4.961
1778654040000,81024.3,81024.4,81019.9,81019.9,2.198
1778654100000,81019.9,81042.5,81019.9,81042.5,4.431
1778654160000,81042.5,81042.5,81026.7,81035.0,4.494
1778654220000,81035.0,81055.1,81035.0,81052.5,3.27
1778654280000,81052.5,81063.0,81052.4,81063.0,4.743
1778654340000,81063.0,81063.0,81029.7,81029.7,4.755
1778654400000,81029.7,81029.7,81003.9,81003.9,44.454
1778654460000,81003.9,81020.5,80999.1,81020.5,67.471
1778654520000,81020.5,81020.5,81002.5,81002.5,3.387
1778654580000,81002.5,81002.5,80994.0,80999.9,17.022
1778654640000,80999.9,81029.6,80995.5,81029.5,29.868
1778654700000,81029.5,81029.6,81007.5,81025.3,11.764
1778654760000,81025.3,81028.1,81012.5,81012.5,2.919
1778654820000,81012.5,81024.6,81012.5,81023.4,2.338
1778654880000,81023.4,81023.4,81017.3,81017.3,1.754
1778654940000,81017.3,81017.3,81005.0,81005.0,1.955
1778655000000,81005.0,81005.1,80974.5,80974.5,22.063
1778655060000,80974.5,80984.6,80973.8,80984.5,11.059
1778655120000,80984.5,80984.5,80951.5,80951.5,14.914
1778655180000,80951.5,80961.8,80941.6,80946.5,23.68
1778655240000,80946.5,80969.9,80946.5,80965.4,25.797
1778655300000,80965.4,80965.4,80954.6,80954.7,2.531
1778655360000,80954.7,80954.7,80931.8,80948.3,18.312
1778655420000,80948.3,80948.3,80948.2,80948.2,1.637
1778655480000,80948.2,80948.3,80948.0,80948.0,2.227
1778655540000,80948.0,80948.1,80948.0,80948.0,3.433
1778655600000,80948.0,80995.5,80942.4,80988.5,37.204
1778655660000,80988.5,80988.5,80964.4,80964.4,9.733
1778655720000,80964.4,80982.2,80964.4,80979.3,17.237
1778655780000,80979.3,80988.6,80979.2,80988.6,1.688
1778655840000,80988.6,80988.6,80959.8,80966.9,12.434
1778655900000,80966.9,80967.0,80963.8,80963.8,2.422
1778655960000,80963.8,80963.9,80963.0,80963.1,1.873
1778656020000,80963.1,80963.1,80950.0,80950.0,7.68
1778656080000,80950.0,80970.7,80950.0,80970.7,16.665
1778656140000,80970.7,80980.2,80970.6,80974.7,5.339
1778656200000,80974.7,80974.7,80956.7,80960.1,16.781
1778656260000,80960.1,80960.1,80960.0,80960.1,0.422
1778656320000,80960.1,80960.1,80956.9,80957.0,3.809
1778656380000,80957.0,80977.9,80956.9,80977.9,10.038
1778656440000,80977.9,80977.9,80967.9,80971.1,12.297
1778656500000,80971.1,81010.7,80971.1,81010.7,9.131
1778656560000,81010.7,81019.2,80983.8,80983.9,14.011
1778656620000,80983.9,80983.9,80983.8,80983.9,2.1
1778656680000,80983.9,80983.9,80970.1,80970.1,13.467
1778656740000,80970.1,80970.1,80920.0,80920.0,18.254
1778656800000,80920.0,80937.0,80906.8,80937.0,30.809
1778656860000,80937.0,80937.0,80909.4,80914.7,16.589
1778656920000,80914.7,80914.7,80861.3,80872.4,59.772
1778656980000,80872.4,80874.6,80870.0,80870.0,14.051
1778657040000,80870.0,80891.5,80863.7,80886.4,25.762
1778657100000,80886.4,80898.8,80886.4,80893.1,11.169
1778657160000,80893.1,80912.6,80892.2,80893.1,13.561
1778657220000,80893.1,80915.5,80893.1,80915.5,4.754
1778657280000,80915.5,80915.5,80893.1,80893.2,7.164
1778657340000,80893.2,80893.2,80878.9,80879.0,3.927
1778657400000,80879.0,80879.0,80850.0,80875.4,44.032
1778657460000,80875.4,80880.0,80871.9,80879.9,11.438
1778657520000,80879.9,80903.6,80879.4,80885.1,16.54
1778657580000,80885.1,80900.6,80885.1,80897.9,21.928
1778657640000,80897.9,80898.0,80884.2,80894.6,7.386
1778657700000,80894.6,80894.7,80865.0,80880.0,16.417
1778657760000,80880.0,80895.1,80880.0,80895.1,9.983
1778657820000,80895.1,80895.1,80893.7,80893.8,5.229
1778657880000,80893.8,80920.4,80893.7,80918.5,59.488
1778657940000,80918.5,80944.0,80874.0,80877.1,93.601
1778658000000,80877.1,80921.8,80877.1,80921.8,11.689
1778658060000,80921.8,80933.0,80921.8,80933.0,2.854
1778658120000,80933.0,80933.0,80920.3,80923.1,15.629
1778658180000,80923.1,80923.1,80920.4,80920.5,9.648
1778658240000,80920.5,80928.4,80920.4,80928.4,6.165
1778658300000,80928.4,80943.3,80928.3,80929.3,17.689
1778658360000,80929.3,80942.7,80929.3,80936.2,5.643
1778658420000,80936.2,80937.9,80925.5,80925.5,8.663
1778658480000,80925.5,80932.0,80920.2,80932.0,4.31
1778658540000,80932.0,80932.0,80920.0,80920.0,2.994
1778658600000,80920.0,80920.1,80920.0,80920.0,3.573
1778658660000,80920.0,80920.1,80900.0,80920.0,10.251
1778658720000,80920.0,80920.0,80908.1,80910.8,5.069
1778658780000,80910.8,80915.4,80904.3,80915.4,5.669
1778658840000,80915.4,80930.0,80909.0,80920.1,16.172
1778658900000,80920.1,80920.1,80914.8,80917.6,14.079
1778658960000,80917.6,80930.0,80917.6,80930.0,5.906
1778659020000,80930.0,80956.1,80929.9,80956.1,31.286
1778659080000,80956.1,80996.6,80956.0,80996.6,19.228
1778659140000,80996.6,80996.6,80981.1,80981.1,13.964
1778659200000,80981.1,81039.0,80981.1,81037.4,44.703
1778659260000,81037.4,81037.4,81001.9,81002.0,20.715
1778659320000,81002.0,81025.7,81002.0,81025.7,17.006
1778659380000,81025.7,81030.7,81002.0,81026.8,16.851
1778659440000,81026.8,81027.0,81017.9,81025.1,3.861
1778659500000,81025.1,81028.6,81005.8,81005.8,7.287
1778659560000,81005.8,81005.9,80964.9,80975.3,14.81
1778659620000,80975.3,80975.4,80951.0,80954.3,5.923
1778659680000,80954.3,80956.3,80954.3,80956.2,2.554
1778659740000,80956.2,80970.3,80956.2,80959.9,9.769
1778659800000,80959.9,80980.8,80959.9,80967.3,17.285
1778659860000,80967.3,80970.8,80963.5,80968.5,5.918
1778659920000,80968.5,80968.6,80924.8,80928.5,36.01
1778659980000,80928.5,80955.8,80926.3,80955.7,10.606
1778660040000,80955.7,80980.0,80955.7,80979.9,12.878
1778660100000,80979.9,81000.0,80979.9,81000.0,4.846
1778660160000,81000.0,81050.0,80999.9,81049.9,24.369
1778660220000,81049.9,81054.0,81028.0,81028.1,26.219
1778660280000,81028.1,81035.0,81012.6,81018.1,8.535
1778660340000,81018.1,81018.1,80992.1,80998.2,6.839
1778660400000,80998.2,81027.2,80998.2,81027.1,50.158
1778660460000,81027.1,81027.2,81015.8,81020.5,4.575
1778660520000,81020.5,81036.2,81020.5,81026.6,9.319
1778660580000,81026.6,81026.6,81016.2,81016.2,3.688
1778660640000,81016.2,81016.2,81002.8,81009.5,13.647
1778660700000,81009.5,81047.0,81009.5,81047.0,12.145
1778660760000,81047.0,81086.6,81047.0,81086.5,11.466
1778660820000,81086.5,81086.5,81035.5,81035.6,26.391
1778660880000,81035.6,81035.6,81009.9,81009.9,8.495
1778660940000,81009.9,81011.7,80999.4,80999.5,20.163
1778661000000,80999.5,80999.5,80958.1,80970.0,29.117
1778661060000,80970.0,80970.0,80948.0,80954.3,13.891
1778661120000,80954.3,80954.3,80922.0,80922.1,53.299
1778661180000,80922.1,80954.7,80904.3,80954.7,27.019
1778661240000,80954.7,80972.0,80942.1,80972.0,17.267
1778661300000,80972.0,80981.7,80964.1,80973.0,22.34
1778661360000,80973.0,81000.0,80973.0,81000.0,7.64
1778661420000,81000.0,81000.0,80990.0,81000.0,5.61
1778661480000,81000.0,81000.0,80985.3,80987.4,5.233
1778661540000,80987.4,80998.0,80972.3,80998.0,15.734
1778661600000,80998.0,81080.0,80998.0,81080.0,52.072
1778661660000,81080.0,81110.0,81058.8,81073.1,22.669
1778661720000,81073.1,81096.1,81056.5,81086.4,32.656
1778661780000,81086.4,81137.0,81086.4,81121.8,51.642
1778661840000,81121.8,81124.2,81100.0,81113.1,30.138
1778661900000,81113.1,81129.7,81110.2,81129.7,11.32
