,time,open,high,low,close,volume
0,1775405700000,2054.49,2056.53,2053.84,2055.54,1714.71
1,1775406000000,2055.54,2056.15,2054.83,2055.35,911.55
2,1775406300000,2055.35,2056.5,2053.55,2053.61,1397.8
3,1775406600000,2053.61,2058.51,2053.08,2056.65,2339.61
4,1775406900000,2056.65,2057.39,2055.06,2055.42,1245.41
5,1775407200000,2055.42,2055.6,2052.83,2055.01,1446.11
6,1775407500000,2055.01,2055.01,2052.15,2052.33,1279.13
7,1775407800000,2052.33,2053.14,2049.73,2049.93,3816.11
8,1775408100000,2049.93,2051.13,2049.13,2050.94,1918.44
9,1775408400000,2050.94,2051.74,2046.9,2049.67,6169.73
10,1775408700000,2049.67,2056.39,2049.67,2054.16,10755.21
11,1775409000000,2054.16,2056.13,2054.13,2055.08,3307.43
12,1775409300000,2055.08,2055.22,2051.7,2051.91,1637.2
13,1775409600000,2051.91,2052.64,2050.42,2052.64,1465.87
14,1775409900000,2052.64,2055.8,2052.11,2055.13,2225.55
15,1775410200000,2055.13,2055.6,2054.02,2054.34,879.96
16,1775410500000,2054.34,2056.83,2053.84,2056.53,2952.84
17,1775410800000,2056.53,2059.95,2055.41,2059.95,4044.78
18,1775411100000,2059.95,2061.41,2057.46,2059.95,4542.26
19,1775411400000,2059.95,2061.39,2057.5,2060.08,4339.54
20,1775411700000,2060.08,2061.42,2059.75,2061.41,3033.41
21,1775412000000,2061.41,2062.18,2058.0,2059.99,2839.51
22,1775412300000,2059.99,2060.11,2058.32,2058.7,898.6
23,1775412600000,2058.7,2059.85,2055.0,2057.59,4091.54
24,1775412900000,2057.59,2058.65,2056.77,2056.95,683.11
25,1775413200000,2056.95,2057.8,2056.7,2057.58,527.86
26,1775413500000,2057.58,2057.59,2056.4,2056.52,669.65
27,1775413800000,2056.52,2063.12,2056.52,2061.5,2272.7
28,1775414100000,2061.5,2064.78,2060.8,2063.56,2012.94
29,1775414400000,2063.56,2066.33,2062.15,2063.88,11577.71
30,1775414700000,2063.88,2065.51,2063.11,2063.11,2180.58
31,1775415000000,2063.11,2063.11,2061.09,2061.86,1066.89
32,1775415300000,2061.86,2062.1,2060.6,2062.1,698.93
33,1775415600000,2062.1,2062.11,2060.89,2060.95,1162.05
34,1775415900000,2060.95,2062.75,2060.95,2062.16,1185.46
35,1775416200000,2062.16,2063.05,2060.89,2062.19,809.53
36,1775416500000,2062.19,2066.9,2061.6,2066.63,2054.56
37,1775416800000,2066.63,2069.0,2064.96,2068.28,6004.92
38,1775417100000,2068.28,2068.89,2064.86,2065.44,1484.27
39,1775417400000,2065.44,2065.47,2062.88,2063.31,1088.35
40,1775417700000,2063.31,2063.4,2058.28,2059.05,4155.33
41,1775418000000,2059.05,2059.86,2056.98,2058.05,2596.14
42,1775418300000,2058.05,2058.4,2056.94,2056.95,1254.31
43,1775418600000,2056.95,2058.99,2056.94,2058.85,1565.55
44,1775418900000,2058.85,2061.11,2058.84,2061.06,1929.07
45,1775419200000,2061.06,2063.4,2061.01,2061.38,1815.31
46,1775419500000,2061.38,2062.62,2060.44,2061.5,568.42
47,1775419800000,2061.5,2062.16,2060.6,2061.77,1422.65
48,1775420100000,2061.77,2062.16,2061.77,2061.86,223.38
49,1775420400000,2061.86,2065.49,2061.86,2065.01,815.7
50,1775420700000,2065.01,2065.58,2063.9,2064.76,992.4
51,1775421000000,2064.76,2065.19,2064.21,2065.0,729.26
52,1775421300000,2065.0,2074.5,2064.2,2071.8,11980.25
53,1775421600000,2071.8,2072.3,2065.82,2066.38,4521.75
54,1775421900000,2066.38,2069.58,2065.8,2069.43,1901.44
55,1775422200000,2069.43,2069.58,2067.1,2068.26,1716.48
56,1775422500000,2068.26,2068.8,2066.99,2067.95,908.07
57,1775422800000,2067.95,2068.13,2064.27,2066.53,3716.65
58,1775423100000,2066.53,2067.15,2065.79,2066.49,466.58
59,1775423400000,2066.49,2066.89,2057.67,2059.59,6605.06
60,1775423700000,2059.59,2061.31,2058.71,2059.06,1149.18
61,1775424000000,2059.06,2060.2,2058.5,2059.88,655.86
62,1775424300000,2059.88,2059.94,2056.77,2059.5,1626.04
63,1775424600000,2059.5,2059.88,2058.2,2058.27,952.57
64,1775424900000,2058.27,2059.06,2057.3,2058.08,1230.06
65,1775425200000,2058.08,2060.25,2055.37,2058.97,1458.92
66,1775425500000,2058.97,2062.17,2057.8,2061.92,1391.67
67,1775425800000,2061.92,2064.8,2061.53,2064.29,1394.86
68,1775426100000,2064.29,2064.57,2058.1,2059.05,2382.92
69,1775426400000,2059.05,2066.73,2055.4,2065.24,8097.88
70,1775426700000,2065.24,2065.63,2059.47,2061.87,3623.08
71,1775427000000,2061.87,2062.09,2048.51,2053.72,13830.68
72,1775427300000,2053.72,2056.01,2052.81,2053.4,1948.0
73,1775427600000,2053.4,2054.2,2048.67,2051.14,5972.47
74,1775427900000,2051.14,2052.93,2048.79,2052.86,1495.6
75,1775428200000,2052.86,2057.99,2051.5,2054.35,3454.39
76,1775428500000,2054.35,2060.52,2052.9,2060.34,2351.0
77,1775428800000,2060.34,2071.37,2058.91,2069.38,13205.05
78,1775429100000,2069.38,2079.91,2068.41,2074.48,21196.41
79,1775429400000,2074.48,2081.0,2074.48,2075.66,17899.32
80,1775429700000,2075.66,2088.0,2075.4,2085.01,24337.63
81,1775430000000,2085.01,2092.23,2080.93,2083.29,19563.06
82,1775430300000,2083.29,2099.49,2082.86,2087.76,32345.76
83,1775430600000,2087.76,2097.13,2087.51,2096.57,17000.94
84,1775430900000,2096.57,2117.6,2096.14,2111.03,52651.37
85,1775431200000,2111.03,2115.75,2106.23,2107.79,11161.64
86,1775431500000,2107.79,2111.72,2106.5,2107.4,4886.41
87,1775431800000,2107.4,2123.04,2106.81,2120.7,23223.51
88,1775432100000,2120.7,2121.23,2113.89,2114.79,6126.61
89,1775432400000,2114.79,2115.8,2108.62,2110.39,8119.82
90,1775432700000,2110.39,2115.77,2109.09,2110.25,7233.19
91,1775433000000,2110.25,2113.29,2107.55,2109.25,6542.86
92,1775433300000,2109.25,2110.46,2107.91,2109.53,1811.08
93,1775433600000,2109.53,2134.72,2109.53,2119.99,36445.9
94,1775433900000,2119.99,2125.7,2119.0,2119.81,7260.52
95,1775434200000,2119.81,2120.29,2115.28,2119.05,5835.91
96,1775434500000,2119.05,2125.0,2118.16,2119.89,5612.81
97,1775434800000,2119.89,2123.95,2114.52,2122.91,5171.76
98,1775435100000,2122.91,2124.0,2119.38,2122.35,4695.88
99,1775435400000,2122.35,2127.77,2119.9,2120.32,7127.67
100,1775435700000,2120.32,2123.46,2119.34,2122.38,2014.75
101,1775436000000,2122.38,2131.78,2121.51,2127.74,8866.62
102,1775436300000,2127.74,2129.03,2123.8,2123.86,4037.47
103,1775436600000,2123.86,2125.39,2120.97,2120.98,1634.64
104,1775436900000,2120.98,2123.03,2120.52,2121.24,1923.05
105,1775437200000,2121.24,2124.16,2116.8,2117.3,5077.97
106,1775437500000,2117.3,2121.37,2115.36,2117.97,4617.29
107,1775437800000,2117.97,2120.0,2114.75,2114.89,4004.42
108,1775438100000,2114.89,2117.07,2113.0,2114.48,4022.71
109,1775438400000,2114.48,2116.25,2111.5,2113.54,4008.75
110,1775438700000,2113.54,2119.62,2113.54,2119.01,2713.95
111,1775439000000,2119.01,2119.98,2112.57,2115.68,6240.15
112,1775439300000,2115.68,2119.78,2114.99,2117.95,3821.71
113,1775439600000,2117.95,2117.99,2113.97,2114.8,1664.32
114,1775439900000,2114.8,2117.82,2114.55,2114.92,1792.46
115,1775440200000,2114.92,2117.91,2114.0,2114.19,1211.3
116,1775440500000,2114.19,2116.29,2113.3,2114.34,1176.07
117,1775440800000,2114.34,2118.54,2113.65,2118.25,1423.34
118,1775441100000,2118.25,2121.84,2116.5,2120.95,3092.24
119,1775441400000,2120.95,2146.41,2119.69,2132.53,34636.88
120,1775441700000,2132.53,2139.06,2131.05,2136.9,9156.91
121,1775442000000,2136.9,2141.04,2133.05,2134.0,4995.06
122,1775442300000,2134.0,2135.72,2129.62,2134.19,4773.44
123,1775442600000,2134.19,2140.98,2134.19,2137.95,5533.62
124,1775442900000,2137.95,2138.28,2133.1,2135.21,3348.52
125,1775443200000,2135.21,2135.21,2130.78,2132.99,3580.12
126,1775443500000,2132.99,2136.68,2132.58,2133.22,3003.99
127,1775443800000,2133.22,2134.29,2131.51,2132.59,1505.96
128,1775444100000,2132.59,2133.8,2132.15,2132.76,1441.32
129,1775444400000,2132.76,2134.52,2132.4,2132.72,3118.36
130,1775444700000,2132.72,2134.52,2130.88,2132.58,1417.66
131,1775445000000,2132.58,2137.34,2130.4,2130.99,3617.13
132,1775445300000,2130.99,2133.3,2128.45,2128.45,6800.61
133,1775445600000,2128.45,2136.73,2127.5,2134.97,8146.03
134,1775445900000,2134.97,2136.87,2134.45,2134.87,2450.21
135,1775446200000,2134.87,2136.92,2133.47,2133.8,1679.84
136,1775446500000,2133.8,2135.35,2132.8,2133.04,2377.57
137,1775446800000,2133.04,2133.05,2129.7,2130.88,1557.76
138,1775447100000,2130.88,2132.49,2129.64,2130.24,1588.51
139,1775447400000,2130.24,2131.24,2125.97,2126.43,8367.07
140,1775447700000,2126.43,2128.63,2126.23,2128.6,2501.94
141,1775448000000,2128.6,2133.47,2128.6,2133.23,2925.99
142,1775448300000,2133.23,2133.48,2125.84,2126.05,1778.84
143,1775448600000,2126.05,2128.1,2124.71,2127.94,2275.86
144,1775448900000,2127.94,2128.12,2124.8,2124.8,1609.32
145,1775449200000,2124.8,2126.41,2124.26,2125.25,2895.13
146,1775449500000,2125.25,2127.29,2125.16,2126.56,1411.7
147,1775449800000,2126.56,2127.79,2125.63,2127.79,3544.95
148,1775450100000,2127.79,2134.0,2127.79,2132.61,5532.81
149,1775450400000,2132.61,2133.98,2131.36,2131.95,4269.5
150,1775450700000,2131.95,2133.3,2130.01,2130.31,872.66
151,1775451000000,2130.31,2131.39,2129.33,2131.29,860.4
152,1775451300000,2131.29,2131.7,2129.75,2130.27,591.93
153,1775451600000,2130.27,2131.48,2129.02,2130.3,1133.1
154,1775451900000,2130.3,2131.2,2129.11,2131.06,699.25
155,1775452200000,2131.06,2131.07,2129.25,2130.28,1203.71
156,1775452500000,2130.28,2132.29,2129.75,2131.2,861.33
157,1775452800000,2131.2,2133.89,2130.83,2131.48,1833.58
158,1775453100000,2131.48,2131.48,2128.11,2130.05,1032.32
159,1775453400000,2130.05,2131.73,2129.41,2130.76,1011.57
160,1775453700000,2130.76,2130.8,2129.16,2129.93,1154.23
161,1775454000000,2129.93,2131.12,2128.61,2130.76,799.61
162,1775454300000,2130.76,2132.2,2127.6,2127.79,1325.48
163,1775454600000,2127.79,2130.15,2127.79,2129.66,1095.77
164,1775454900000,2129.66,2130.88,2129.15,2130.6,656.24
165,1775455200000,2130.6,2131.26,2126.9,2127.85,5195.28
166,1775455500000,2127.85,2134.22,2127.61,2132.01,2869.0
167,1775455800000,2132.01,2138.58,2132.01,2135.85,8927.09
168,1775456100000,2135.85,2135.86,2132.96,2133.29,2371.72
169,1775456400000,2133.29,2133.8,2123.0,2125.6,11464.49
170,1775456700000,2125.6,2125.86,2119.4,2120.6,10179.67
171,1775457000000,2120.6,2123.41,2119.26,2120.81,3907.52
172,1775457300000,2120.81,2122.4,2120.59,2121.54,2189.12
173,1775457600000,2121.54,2124.45,2120.3,2122.58,2881.02
174,1775457900000,2122.58,2124.72,2121.97,2123.86,1152.77
175,1775458200000,2123.86,2129.66,2123.65,2126.73,9720.15
176,1775458500000,2126.73,2127.9,2125.99,2126.51,1838.64
177,1775458800000,2126.51,2127.58,2121.88,2122.89,4702.49
178,1775459100000,2122.89,2123.7,2121.84,2121.89,1757.25
179,1775459400000,2121.89,2125.09,2121.89,2124.14,3096.41
180,1775459700000,2124.14,2129.97,2124.14,2129.24,2771.41
181,1775460000000,2129.24,2134.87,2129.24,2134.8,3792.7
182,1775460300000,2134.8,2136.07,2132.95,2133.72,5382.53
183,1775460600000,2133.72,2134.19,2130.01,2132.15,5663.2
184,1775460900000,2132.15,2136.64,2131.23,2132.15,3674.72
185,1775461200000,2132.15,2133.09,2130.01,2130.3,1979.89
186,1775461500000,2130.3,2132.61,2129.34,2132.51,3025.17
187,1775461800000,2132.51,2142.68,2131.91,2137.84,10822.66
188,1775462100000,2137.84,2137.95,2133.65,2134.3,2719.66
189,1775462400000,2134.3,2138.07,2134.3,2135.4,2701.12
190,1775462700000,2135.4,2135.85,2132.7,2135.02,3134.4
191,1775463000000,2135.02,2137.65,2134.9,2136.27,2541.53
192,1775463300000,2136.27,2137.09,2134.0,2134.72,2724.63
193,1775463600000,2134.72,2139.74,2133.75,2137.85,3596.92
194,1775463900000,2137.85,2139.23,2134.91,2135.84,1716.76
195,1775464200000,2135.84,2137.22,2134.83,2136.43,1412.47
196,1775464500000,2136.43,2149.13,2135.9,2140.36,24229.91
197,1775464800000,2140.36,2140.85,2139.0,2140.01,2233.56
198,1775465100000,2140.01,2140.85,2137.81,2139.0,2950.73
199,1775465400000,2139.0,2139.0,2136.37,2138.28,1867.84
200,1775465700000,2138.28,2139.15,2137.58,2137.59,1121.97
201,1775466000000,2137.59,2140.54,2137.36,2139.59,3591.39
202,1775466300000,2139.59,2143.4,2139.41,2143.4,1845.44
203,1775466600000,2143.4,2154.52,2143.4,2147.74,31820.37
204,1775466900000,2147.74,2162.62,2147.5,2158.46,29083.0
205,1775467200000,2158.46,2175.5,2157.31,2164.82,38533.68
206,1775467500000,2164.82,2165.19,2157.52,2157.72,9055.23
207,1775467800000,2157.72,2161.8,2156.8,2158.84,4921.21
208,1775468100000,2158.84,2160.97,2154.0,2154.62,7290.3
209,1775468400000,2154.62,2154.86,2148.49,2151.29,18482.95
210,1775468700000,2151.29,2153.29,2150.64,2151.55,2446.0
211,1775469000000,2151.55,2152.43,2147.33,2149.91,5688.77
212,1775469300000,2149.91,2152.0,2149.23,2150.2,2347.71
213,1775469600000,2150.2,2153.6,2149.62,2153.45,3948.63
214,1775469900000,2153.45,2154.55,2152.62,2153.61,2041.97
215,1775470200000,2153.61,2156.0,2153.03,2154.15,2192.49
216,1775470500000,2154.15,2155.35,2153.19,2154.36,1469.77
217,1775470800000,2154.36,2156.79,2154.16,2154.76,1781.93
218,1775471100000,2154.76,2154.77,2151.05,2153.54,2830.38
219,1775471400000,2153.54,2154.97,2152.96,2153.94,678.17
220,1775471700000,2153.94,2156.88,2152.41,2154.8,3856.15
221,1775472000000,2154.8,2155.85,2153.45,2154.54,947.26
222,1775472300000,2154.54,2154.76,2148.06,2152.73,15994.79
223,1775472600000,2152.73,2152.98,2149.2,2150.33,1599.01
224,1775472900000,2150.33,2152.71,2149.68,2152.4,1700.39
225,1775473200000,2152.4,2152.88,2148.62,2149.38,2068.43
226,1775473500000,2149.38,2151.55,2148.0,2150.6,9562.51
227,1775473800000,2150.6,2150.96,2146.32,2148.26,7480.12
228,1775474100000,2148.26,2149.99,2147.88,2148.84,1152.85
229,1775474400000,2148.84,2150.12,2145.22,2149.38,3984.88
230,1775474700000,2149.38,2150.63,2148.29,2150.41,1771.68
231,1775475000000,2150.41,2152.61,2149.26,2151.35,1876.75
232,1775475300000,2151.35,2151.92,2149.76,2149.76,3033.76
233,1775475600000,2149.76,2151.25,2148.96,2150.27,824.65
234,1775475900000,2150.27,2151.61,2149.44,2150.73,1696.87
235,1775476200000,2150.73,2153.29,2150.73,2151.59,1850.61
236,1775476500000,2151.59,2151.59,2148.95,2150.85,1289.56
237,1775476800000,2150.85,2151.73,2149.79,2150.94,2000.87
238,1775477100000,2150.94,2152.35,2148.74,2149.17,1772.29
239,1775477400000,2149.17,2149.29,2146.5,2147.87,3491.3
240,1775477700000,2147.87,2150.0,2147.0,2149.79,3640.01
241,1775478000000,2149.79,2149.79,2147.57,2148.46,1604.35
242,1775478300000,2148.46,2149.6,2145.29,2147.76,3054.08
243,1775478600000,2147.76,2149.66,2145.68,2148.95,3121.01
244,1775478900000,2148.95,2152.87,2148.16,2151.95,2872.05
245,1775479200000,2151.95,2152.7,2150.01,2151.0,1110.58
246,1775479500000,2151.0,2153.75,2148.95,2149.16,3368.59
247,1775479800000,2149.16,2149.72,2145.15,2146.79,6432.2
248,1775480100000,2146.79,2147.87,2141.42,2142.73,9979.59
249,1775480400000,2142.73,2144.5,2140.92,2143.6,4411.5
250,1775480700000,2143.6,2144.54,2142.05,2144.54,1632.35
251,1775481000000,2144.54,2146.13,2142.03,2143.27,5544.83
252,1775481300000,2143.27,2143.4,2138.0,2138.88,14483.78
253,1775481600000,2138.88,2140.82,2137.96,2140.8,2576.47
254,1775481900000,2140.8,2143.8,2140.59,2142.86,3287.15
255,1775482200000,2142.86,2148.75,2140.23,2146.29,9333.16
256,1775482500000,2146.29,2148.84,2136.55,2141.01,8002.48
257,1775482800000,2141.01,2144.4,2137.9,2141.1,3901.28
258,1775483100000,2141.1,2145.16,2140.01,2142.84,2632.98
259,1775483400000,2142.84,2148.32,2142.37,2144.56,3505.42
260,1775483700000,2144.56,2145.43,2141.91,2145.0,2223.29
261,1775484000000,2145.0,2160.0,2137.1,2137.48,23097.3
262,1775484300000,2137.48,2140.64,2136.72,2139.82,7072.05
263,1775484600000,2139.82,2141.9,2136.56,2141.13,18243.44
264,1775484900000,2141.13,2148.32,2140.73,2146.75,13286.51
265,1775485200000,2146.75,2167.95,2146.75,2155.36,53191.34
266,1775485500000,2155.36,2156.7,2152.25,2153.74,7292.37
267,1775485800000,2153.74,2158.97,2152.86,2155.81,4145.38
268,1775486100000,2155.81,2161.61,2141.03,2143.99,27244.56
269,1775486400000,2143.99,2150.68,2143.71,2146.85,13842.13
270,1775486700000,2146.85,2147.23,2142.03,2144.7,4973.3
271,1775487000000,2144.7,2157.4,2144.7,2156.67,11635.74
272,1775487300000,2156.67,2157.96,2154.07,2155.42,3828.75
273,1775487600000,2155.42,2160.82,2153.8,2157.36,7396.26
274,1775487900000,2157.36,2160.35,2154.5,2160.11,6435.07
275,1775488200000,2160.11,2167.58,2156.1,2165.99,15649.81
276,1775488500000,2165.99,2167.88,2162.03,2162.4,7063.0
277,1775488800000,2162.4,2163.81,2157.79,2161.62,6155.82
278,1775489100000,2161.62,2165.25,2159.19,2164.89,7423.49
279,1775489400000,2164.89,2169.53,2160.58,2161.92,14031.02
280,1775489700000,2161.92,2163.3,2159.29,2162.1,1753.11
281,1775490000000,2162.1,2164.0,2159.54,2163.41,2220.03
282,1775490300000,2163.41,2165.0,2162.0,2162.71,1659.58
283,1775490600000,2162.71,2165.89,2161.81,2163.65,7549.95
284,1775490900000,2163.65,2164.06,2161.83,2163.54,3616.4
285,1775491200000,2163.54,2165.27,2161.39,2163.36,4315.02
286,1775491500000,2163.36,2163.66,2159.08,2160.05,4225.45
287,1775491800000,2160.05,2167.36,2159.55,2165.39,6349.74
288,1775492100000,2165.39,2166.07,2159.09,2161.6,2377.56
289,1775492400000,2161.6,2163.21,2160.64,2161.34,751.03
290,1775492700000,2161.34,2161.55,2156.78,2157.19,2480.33
291,1775493000000,2157.19,2159.85,2155.65,2159.19,5809.12
292,1775493300000,2159.19,2162.92,2159.04,2159.28,2875.47
293,1775493600000,2159.28,2161.3,2159.18,2160.96,1577.23
294,1775493900000,2160.96,2167.5,2158.84,2164.66,7572.9
295,1775494200000,2164.66,2164.76,2152.88,2153.89,9961.26
296,1775494500000,2153.89,2154.71,2139.22,2139.3,15924.4
297,1775494800000,2139.3,2139.93,2128.0,2131.86,32562.42
298,1775495100000,2131.86,2138.7,2130.31,2136.85,21931.65
299,1775495400000,2136.85,2137.12,2123.26,2126.41,16739.99
300,1775495700000,2126.41,2130.0,2122.16,2127.61,16739.19
301,1775496000000,2127.61,2134.28,2125.0,2133.55,14736.71
302,1775496300000,2133.55,2135.4,2133.24,2133.24,3012.42
303,1775496600000,2133.24,2138.34,2132.16,2133.89,4952.38
304,1775496900000,2133.89,2136.34,2131.48,2133.18,3525.59
305,1775497200000,2133.18,2133.27,2130.13,2131.96,1611.45
306,1775497500000,2131.96,2133.27,2130.0,2132.46,1183.07
307,1775497800000,2132.46,2134.69,2132.14,2133.05,2149.84
308,1775498100000,2133.05,2135.02,2132.71,2133.71,709.21
309,1775498400000,2133.71,2134.12,2130.08,2130.56,2458.03
310,1775498700000,2130.56,2134.19,2130.23,2134.19,1250.45
311,1775499000000,2134.19,2146.0,2134.02,2140.91,28665.82
312,1775499300000,2140.91,2142.44,2140.0,2142.01,4990.54
313,1775499600000,2142.01,2145.8,2140.28,2142.79,2661.77
314,1775499900000,2142.79,2147.75,2141.14,2145.31,5260.48
315,1775500200000,2145.31,2146.87,2142.01,2142.6,2039.35
316,1775500500000,2142.6,2143.95,2141.15,2141.65,2773.38
317,1775500800000,2141.65,2141.9,2139.94,2141.06,1652.27
318,1775501100000,2141.06,2143.0,2138.18,2141.83,4517.66
319,1775501400000,2141.83,2144.81,2140.61,2143.7,1423.43
320,1775501700000,2143.7,2144.33,2142.75,2143.61,616.8
321,1775502000000,2143.61,2143.61,2140.5,2140.85,1470.38
322,1775502300000,2140.85,2141.0,2134.32,2136.09,5649.82
323,1775502600000,2136.09,2139.0,2134.2,2138.35,4734.52
324,1775502900000,2138.35,2139.79,2137.77,2139.44,1828.18
325,1775503200000,2139.44,2143.66,2139.44,2141.94,1804.79
326,1775503500000,2141.94,2143.28,2141.19,2142.36,1671.22
327,1775503800000,2142.36,2144.41,2141.16,2141.27,2500.87
328,1775504100000,2141.27,2143.7,2140.77,2141.71,1151.46
329,1775504400000,2141.71,2141.72,2137.6,2140.33,1206.6
330,1775504700000,2140.33,2140.82,2137.63,2140.33,1737.49
331,1775505000000,2140.33,2144.43,2138.2,2143.4,3997.76
332,1775505300000,2143.4,2145.0,2139.9,2143.02,7762.47
333,1775505600000,2143.02,2143.94,2138.81,2142.6,5331.34
334,1775505900000,2142.6,2144.11,2141.6,2143.22,1951.07
335,1775506200000,2143.22,2144.75,2141.99,2144.63,1207.27
336,1775506500000,2144.63,2148.23,2144.45,2146.88,2376.27
337,1775506800000,2146.88,2147.74,2145.71,2145.77,1138.58
338,1775507100000,2145.77,2154.51,2145.61,2151.22,10687.2
339,1775507400000,2151.22,2151.71,2150.35,2150.91,1422.5
340,1775507700000,2150.91,2152.55,2150.5,2150.5,1692.18
341,1775508000000,2150.5,2150.51,2148.68,2149.0,847.92
342,1775508300000,2149.0,2149.95,2148.63,2148.74,1896.88
343,1775508600000,2148.74,2148.74,2146.22,2148.05,1304.53
344,1775508900000,2148.05,2148.69,2147.09,2147.54,886.08
345,1775509200000,2147.54,2147.54,2144.24,2146.71,2566.25
346,1775509500000,2146.71,2147.39,2145.23,2145.66,777.0
347,1775509800000,2145.66,2145.89,2143.52,2144.86,3745.63
348,1775510100000,2144.86,2145.04,2143.6,2143.94,644.29
349,1775510400000,2143.94,2145.65,2143.69,2145.36,1351.55
350,1775510700000,2145.36,2145.53,2144.02,2144.02,281.1
351,1775511000000,2144.02,2144.46,2142.47,2143.67,908.09
352,1775511300000,2143.67,2143.67,2139.0,2142.16,2308.52
353,1775511600000,2142.16,2142.36,2136.97,2137.67,2436.72
354,1775511900000,2137.67,2140.69,2136.42,2140.34,1162.36
355,1775512200000,2140.34,2140.34,2136.14,2138.3,752.36
356,1775512500000,2138.3,2139.26,2136.33,2138.21,1189.02
357,1775512800000,2138.21,2139.18,2134.5,2136.53,4937.81
358,1775513100000,2136.53,2138.03,2135.13,2135.7,1272.26
359,1775513400000,2135.7,2139.44,2135.37,2139.04,1920.88
360,1775513700000,2139.04,2139.8,2135.91,2135.91,2424.82
361,1775514000000,2135.91,2137.61,2129.1,2129.58,6849.23
362,1775514300000,2129.58,2136.58,2128.7,2133.71,6272.12
363,1775514600000,2133.71,2133.75,2127.0,2130.17,4095.33
364,1775514900000,2130.17,2132.11,2129.78,2130.4,1760.68
365,1775515200000,2130.4,2131.65,2127.75,2127.75,1853.31
366,1775515500000,2127.75,2127.75,2124.74,2125.56,3703.42
367,1775515800000,2125.56,2126.28,2111.01,2113.7,31137.78
368,1775516100000,2113.7,2114.32,2103.45,2103.91,28098.66
369,1775516400000,2103.91,2103.92,2091.5,2097.91,37726.72
370,1775516700000,2097.91,2098.03,2086.27,2097.78,26707.04
371,1775517000000,2097.78,2100.8,2096.64,2097.02,11765.05
372,1775517300000,2097.02,2098.75,2092.62,2097.2,6374.04
373,1775517600000,2097.2,2097.2,2087.0,2090.66,9601.03
374,1775517900000,2090.66,2092.84,2089.83,2090.16,2823.67
375,1775518200000,2090.16,2096.81,2087.2,2093.17,6325.98
376,1775518500000,2093.17,2100.0,2093.17,2099.62,6093.54
377,1775518800000,2099.62,2106.02,2098.57,2101.96,14321.04
378,1775519100000,2101.96,2107.5,2101.77,2103.27,6837.15
379,1775519400000,2103.27,2107.97,2103.27,2107.63,4168.36
380,1775519700000,2107.63,2109.59,2105.21,2106.03,6436.36
381,1775520000000,2106.03,2111.22,2104.26,2108.58,11407.75
382,1775520300000,2108.58,2118.89,2108.57,2114.38,16317.18
383,1775520600000,2114.38,2115.66,2110.05,2114.48,4445.86
384,1775520900000,2114.48,2118.43,2112.53,2112.53,5724.93
385,1775521200000,2112.53,2114.53,2110.51,2113.26,2937.53
386,1775521500000,2113.26,2114.8,2109.26,2113.21,4352.0
387,1775521800000,2113.21,2117.72,2108.26,2108.36,7284.97
388,1775522100000,2108.36,2110.85,2105.87,2107.35,7105.17
389,1775522400000,2107.35,2111.29,2107.35,2110.65,2493.66
390,1775522700000,2110.65,2116.31,2109.94,2115.87,1914.5
391,1775523000000,2115.87,2116.0,2113.01,2113.84,1464.12
392,1775523300000,2113.84,2114.34,2111.2,2111.34,1155.49
393,1775523600000,2111.34,2111.34,2106.48,2109.86,3497.92
394,1775523900000,2109.86,2109.87,2102.63,2104.75,5099.62
395,1775524200000,2104.75,2108.23,2102.97,2106.25,3593.08
396,1775524500000,2106.25,2114.76,2106.25,2114.55,5933.83
397,1775524800000,2114.55,2118.78,2110.45,2111.7,8090.97
398,1775525100000,2111.7,2114.89,2110.89,2111.68,2700.67
399,1775525400000,2111.68,2113.41,2110.31,2111.76,1855.04
400,1775525700000,2111.76,2112.29,2104.51,2105.75,4238.76
401,1775526000000,2105.75,2109.0,2105.43,2108.6,3397.54
402,1775526300000,2108.6,2109.14,2104.27,2104.31,1097.27
403,1775526600000,2104.31,2105.01,2095.5,2099.91,10596.49
404,1775526900000,2099.91,2101.55,2096.64,2098.02,3705.87
405,1775527200000,2098.02,2099.88,2097.22,2098.08,2075.88
406,1775527500000,2098.08,2099.62,2091.75,2098.61,6002.94
407,1775527800000,2098.61,2101.22,2097.11,2097.88,1881.29
408,1775528100000,2097.88,2102.16,2096.83,2102.15,7852.09
409,1775528400000,2102.15,2104.43,2098.65,2104.29,4346.85
410,1775528700000,2104.29,2104.98,2103.07,2104.71,1341.54
411,1775529000000,2104.71,2105.54,2101.77,2102.95,1916.43
412,1775529300000,2102.95,2110.36,2102.7,2108.0,5108.39
413,1775529600000,2108.0,2108.01,2104.0,2104.57,1351.9
414,1775529900000,2104.57,2105.61,2102.44,2104.45,1635.82
415,1775530200000,2104.45,2106.42,2101.0,2103.71,2048.7
416,1775530500000,2103.71,2105.65,2101.36,2105.47,5722.17
417,1775530800000,2105.47,2108.67,2104.81,2106.0,2096.73
418,1775531100000,2106.0,2106.4,2103.21,2105.52,701.89
419,1775531400000,2105.52,2106.24,2103.88,2105.32,1080.09
420,1775531700000,2105.32,2106.95,2103.08,2103.11,1305.91
421,1775532000000,2103.11,2107.05,2101.9,2106.64,1136.27
422,1775532300000,2106.64,2108.64,2106.16,2107.97,2585.99
423,1775532600000,2107.97,2109.09,2106.39,2107.34,2884.46
424,1775532900000,2107.34,2108.14,2106.14,2106.48,664.86
425,1775533200000,2106.48,2108.07,2106.02,2107.87,957.74
426,1775533500000,2107.87,2107.88,2104.68,2105.84,757.67
427,1775533800000,2105.84,2108.37,2105.27,2107.83,1009.9
428,1775534100000,2107.83,2107.83,2106.14,2107.0,850.1
429,1775534400000,2107.0,2107.9,2105.02,2105.05,1729.34
430,1775534700000,2105.05,2105.94,2104.08,2105.0,4249.62
431,1775535000000,2105.0,2105.36,2103.52,2104.6,1233.19
432,1775535300000,2104.6,2106.2,2101.98,2104.02,1296.6
433,1775535600000,2104.02,2106.06,2102.11,2105.68,1651.68
434,1775535900000,2105.68,2106.61,2104.44,2104.47,756.76
435,1775536200000,2104.47,2112.37,2104.46,2111.0,5378.26
436,1775536500000,2111.0,2112.77,2109.76,2111.28,1836.62
437,1775536800000,2111.28,2112.43,2110.69,2112.04,5314.92
438,1775537100000,2112.04,2118.38,2111.17,2117.2,11449.83
439,1775537400000,2117.2,2117.25,2114.01,2114.58,4651.56
440,1775537700000,2114.58,2115.2,2112.53,2113.04,1528.29
441,1775538000000,2113.04,2113.52,2110.31,2110.73,3043.29
442,1775538300000,2110.73,2110.82,2108.54,2110.5,4940.67
443,1775538600000,2110.5,2110.69,2109.68,2109.85,905.91
444,1775538900000,2109.85,2111.41,2108.0,2109.97,1893.93
445,1775539200000,2109.97,2111.67,2108.06,2108.95,1217.71
446,1775539500000,2108.95,2109.85,2105.09,2105.43,7857.21
447,1775539800000,2105.43,2105.82,2103.53,2104.75,4142.5
448,1775540100000,2104.75,2105.83,2103.05,2105.15,5037.33
449,1775540400000,2105.15,2105.27,2102.23,2103.22,2088.55
450,1775540700000,2103.22,2103.76,2102.53,2103.16,816.97
451,1775541000000,2103.16,2105.08,2102.65,2103.99,989.96
452,1775541300000,2103.99,2105.73,2102.15,2104.28,3072.07
453,1775541600000,2104.28,2104.31,2101.04,2103.01,2065.62
454,1775541900000,2103.01,2104.67,2099.27,2100.66,8594.45
455,1775542200000,2100.66,2101.99,2097.83,2099.23,3462.95
456,1775542500000,2099.23,2100.6,2097.9,2099.2,1903.82
457,1775542800000,2099.2,2099.88,2095.0,2098.75,6546.24
458,1775543100000,2098.75,2101.23,2098.75,2100.2,2127.61
459,1775543400000,2100.2,2100.63,2096.91,2097.48,1922.43
460,1775543700000,2097.48,2100.95,2097.45,2099.54,1643.26
461,1775544000000,2099.54,2100.82,2097.25,2100.49,2630.46
462,1775544300000,2100.49,2102.68,2099.05,2101.76,3899.48
463,1775544600000,2101.76,2105.43,2101.6,2104.01,4037.5
464,1775544900000,2104.01,2104.01,2102.25,2102.91,2439.19
465,1775545200000,2102.91,2103.43,2100.07,2101.17,1136.56
466,1775545500000,2101.17,2101.17,2097.4,2099.0,2690.24
467,1775545800000,2099.0,2101.0,2097.59,2100.52,673.61
468,1775546100000,2100.52,2102.4,2098.77,2098.95,1537.44
469,1775546400000,2098.95,2101.41,2097.69,2101.41,1528.01
470,1775546700000,2101.41,2103.0,2099.15,2099.99,2254.66
471,1775547000000,2099.99,2105.05,2099.99,2102.35,4552.53
472,1775547300000,2102.35,2103.09,2101.05,2101.05,987.99
473,1775547600000,2101.05,2102.53,2100.7,2102.21,735.58
474,1775547900000,2102.21,2102.5,2099.75,2101.56,3143.19
475,1775548200000,2101.56,2103.49,2100.7,2102.82,2948.38
476,1775548500000,2102.82,2105.46,2102.28,2102.77,3545.17
477,1775548800000,2102.77,2111.32,2102.02,2105.23,9424.13
478,1775549100000,2105.23,2106.36,2103.3,2106.03,2357.52
479,1775549400000,2106.03,2110.0,2105.81,2107.05,3028.3
480,1775549700000,2107.05,2110.3,2104.94,2109.79,6760.68
481,1775550000000,2109.79,2112.47,2108.91,2111.53,8469.36
482,1775550300000,2111.53,2111.79,2107.49,2108.49,11860.62
483,1775550600000,2108.49,2111.89,2108.14,2110.06,2161.04
484,1775550900000,2110.06,2111.35,2109.35,2110.81,1232.17
485,1775551200000,2110.81,2114.99,2110.23,2114.0,4167.44
486,1775551500000,2114.0,2115.59,2111.65,2112.6,3419.59
487,1775551800000,2112.6,2114.62,2111.96,2113.75,1287.86
488,1775552100000,2113.75,2116.35,2113.11,2113.99,2086.36
489,1775552400000,2113.99,2117.0,2112.48,2116.68,5641.75
490,1775552700000,2116.68,2132.48,2116.28,2130.45,41930.1
491,1775553000000,2130.45,2133.21,2125.24,2125.45,12324.99
492,1775553300000,2125.45,2127.62,2124.24,2126.04,7885.33
493,1775553600000,2126.04,2126.57,2123.35,2124.25,3181.44
494,1775553900000,2124.25,2125.75,2121.49,2124.54,3050.97
495,1775554200000,2124.54,2129.65,2123.63,2128.81,5580.77
496,1775554500000,2128.81,2129.53,2127.16,2128.85,2252.4
497,1775554800000,2128.85,2130.5,2127.4,2127.4,3457.3
498,1775555100000,2127.4,2128.45,2125.16,2127.42,3460.82
499,1775555400000,2127.42,2128.0,2125.94,2126.77,747.67
500,1775555700000,2126.77,2127.71,2126.02,2127.36,1271.28
501,1775556000000,2127.36,2130.92,2122.95,2123.22,5362.69
502,1775556300000,2123.22,2124.43,2115.11,2120.48,17096.33
503,1775556600000,2120.48,2121.02,2114.84,2116.19,6706.81
504,1775556900000,2116.19,2119.39,2116.11,2118.32,2828.34
505,1775557200000,2118.32,2122.81,2118.11,2120.4,4222.29
506,1775557500000,2120.4,2120.41,2103.21,2105.51,23408.52
507,1775557800000,2105.51,2107.92,2103.02,2104.19,5754.38
508,1775558100000,2104.19,2105.34,2097.04,2099.13,19282.94
509,1775558400000,2099.13,2100.69,2095.05,2098.3,13225.32
510,1775558700000,2098.3,2098.79,2093.09,2095.98,6885.3
511,1775559000000,2095.98,2097.1,2087.0,2090.05,22976.0
512,1775559300000,2090.05,2091.25,2084.27,2088.0,14274.33
513,1775559600000,2088.0,2088.19,2080.57,2084.05,16292.21
514,1775559900000,2084.05,2090.0,2083.0,2088.55,14587.76
515,1775560200000,2088.55,2090.8,2085.27,2087.69,10754.72
516,1775560500000,2087.69,2091.29,2086.48,2086.7,7648.04
517,1775560800000,2086.7,2088.0,2085.1,2086.05,4274.34
518,1775561100000,2086.05,2093.1,2086.01,2090.54,5257.59
519,1775561400000,2090.54,2090.54,2085.39,2086.95,3617.71
520,1775561700000,2086.95,2091.25,2086.0,2090.65,4758.1
521,1775562000000,2090.65,2090.65,2086.9,2088.8,3675.47
522,1775562300000,2088.8,2089.06,2086.19,2088.55,3271.99
523,1775562600000,2088.55,2089.07,2086.36,2087.1,2085.33
524,1775562900000,2087.1,2089.1,2087.02,2088.2,1388.12
525,1775563200000,2088.2,2088.38,2086.29,2087.18,2520.11
526,1775563500000,2087.18,2092.0,2072.41,2076.83,60301.35
527,1775563800000,2076.83,2084.85,2075.52,2082.58,10907.39
528,1775564100000,2082.58,2086.12,2077.26,2081.78,10898.19
529,1775564400000,2081.78,2086.66,2079.0,2083.18,4806.93
530,1775564700000,2083.18,2084.59,2082.31,2083.67,3301.41
531,1775565000000,2083.67,2085.03,2080.37,2081.8,4699.01
532,1775565300000,2081.8,2083.4,2080.3,2082.74,2043.12
533,1775565600000,2082.74,2083.46,2072.6,2075.6,14964.65
534,1775565900000,2075.6,2080.54,2072.85,2077.86,11987.09
535,1775566200000,2077.86,2081.96,2076.43,2080.87,6726.75
536,1775566500000,2080.87,2091.15,2079.87,2085.72,19204.77
537,1775566800000,2085.72,2087.0,2082.85,2086.02,3757.32
538,1775567100000,2086.02,2093.02,2086.01,2089.34,9978.88
539,1775567400000,2089.34,2090.07,2085.41,2089.04,4372.92
540,1775567700000,2089.04,2089.45,2083.94,2083.95,2796.5
541,1775568000000,2083.95,2085.3,2082.0,2082.97,2573.65
542,1775568300000,2082.97,2083.97,2082.47,2083.52,1628.79
543,1775568600000,2083.52,2089.14,2079.09,2079.6,8171.75
544,1775568900000,2079.6,2082.37,2077.01,2078.58,5671.71
545,1775569200000,2078.58,2081.23,2074.56,2077.68,4719.73
546,1775569500000,2077.68,2078.71,2073.3,2076.19,7231.09
547,1775569800000,2076.19,2082.4,2074.42,2081.81,4108.77
548,1775570100000,2081.81,2082.5,2073.29,2073.98,7737.22
549,1775570400000,2073.98,2076.45,2067.54,2070.64,20946.76
550,1775570700000,2070.64,2071.5,2058.64,2063.43,34809.73
551,1775571000000,2063.43,2068.54,2062.75,2066.21,8048.37
552,1775571300000,2066.21,2068.6,2060.95,2065.28,9161.91
553,1775571600000,2065.28,2075.66,2065.28,2073.96,13087.17
554,1775571900000,2073.96,2077.52,2072.22,2075.76,4281.85
555,1775572200000,2075.76,2077.43,2070.7,2073.99,5163.07
556,1775572500000,2073.99,2074.97,2069.34,2071.42,4535.76
557,1775572800000,2071.42,2073.38,2068.35,2071.11,6449.36
558,1775573100000,2071.11,2081.5,2070.91,2074.16,7140.25
559,1775573400000,2074.16,2075.48,2072.0,2073.78,1809.77
560,1775573700000,2073.78,2073.78,2067.54,2068.54,7149.68
561,1775574000000,2068.54,2070.36,2066.08,2067.7,9226.98
562,1775574300000,2067.7,2069.21,2063.41,2069.05,10026.73
563,1775574600000,2069.05,2073.4,2068.19,2070.0,7869.38
564,1775574900000,2070.0,2078.05,2069.2,2075.65,17277.34
565,1775575200000,2075.65,2077.37,2073.15,2075.8,3091.16
566,1775575500000,2075.8,2080.75,2075.8,2079.47,4807.26
567,1775575800000,2079.47,2082.4,2078.36,2079.29,4746.38
568,1775576100000,2079.29,2080.93,2075.41,2076.64,5464.96
569,1775576400000,2076.64,2077.6,2074.67,2075.87,3202.91
570,1775576700000,2075.87,2078.11,2075.1,2076.75,1932.15
571,1775577000000,2076.75,2078.45,2074.75,2078.17,1978.77
572,1775577300000,2078.17,2083.12,2077.75,2079.28,4176.85
573,1775577600000,2079.28,2089.06,2077.72,2082.61,23598.27
574,1775577900000,2082.61,2084.06,2077.58,2077.89,5382.67
575,1775578200000,2077.89,2079.16,2076.36,2078.44,1844.4
576,1775578500000,2078.44,2080.85,2076.65,2077.83,1792.66
577,1775578800000,2077.83,2084.31,2076.36,2081.7,4008.7
578,1775579100000,2081.7,2084.0,2080.56,2083.57,3516.63
579,1775579400000,2083.57,2084.41,2081.63,2083.7,4080.6
580,1775579700000,2083.7,2083.81,2081.41,2083.35,919.2
581,1775580000000,2083.35,2086.66,2082.21,2086.12,3720.57
582,1775580300000,2086.12,2089.5,2085.36,2085.62,3899.76
583,1775580600000,2085.62,2086.39,2082.63,2083.67,1595.05
584,1775580900000,2083.67,2083.67,2080.73,2082.78,1032.21
585,1775581200000,2082.78,2086.1,2081.98,2085.56,3415.23
586,1775581500000,2085.56,2087.4,2083.86,2084.47,3764.22
587,1775581800000,2084.47,2085.54,2080.9,2081.62,1429.67
588,1775582100000,2081.62,2082.6,2079.11,2081.44,2840.48
589,1775582400000,2081.44,2085.63,2078.59,2084.0,3008.15
590,1775582700000,2084.0,2084.71,2083.2,2084.5,3380.55
591,1775583000000,2084.5,2090.41,2084.5,2088.06,4730.04
592,1775583300000,2088.06,2114.52,2088.05,2097.7,58224.45
593,1775583600000,2097.7,2100.5,2096.01,2096.21,5813.22
594,1775583900000,2096.21,2099.29,2095.25,2099.28,4950.18
595,1775584200000,2099.28,2101.76,2097.81,2100.2,7563.41
596,1775584500000,2100.2,2100.57,2098.01,2098.42,3493.77
597,1775584800000,2098.42,2100.79,2096.21,2096.8,1952.17
598,1775585100000,2096.8,2097.35,2093.7,2094.34,4242.03
599,1775585400000,2094.34,2097.07,2093.1,2095.95,3273.33
600,1775585700000,2095.95,2095.95,2092.99,2095.2,2095.51
601,1775586000000,2095.2,2096.0,2092.36,2093.48,1534.95
602,1775586300000,2093.48,2095.89,2092.56,2093.95,3894.19
603,1775586600000,2093.95,2097.35,2093.62,2096.06,2226.58
604,1775586900000,2096.06,2096.24,2091.0,2093.24,2511.9
605,1775587200000,2093.24,2093.52,2088.56,2089.84,4895.09
606,1775587500000,2089.84,2090.37,2087.48,2089.59,3228.29
607,1775587800000,2089.59,2090.06,2082.35,2084.01,14679.43
608,1775588100000,2084.01,2086.26,2081.31,2085.41,3538.9
609,1775588400000,2085.41,2088.0,2084.31,2085.71,2669.54
610,1775588700000,2085.71,2089.3,2083.2,2084.8,6214.3
611,1775589000000,2084.8,2088.1,2084.55,2087.11,2702.19
612,1775589300000,2087.11,2099.45,2086.77,2098.97,13343.64
613,1775589600000,2098.97,2104.35,2093.41,2095.2,11949.12
614,1775589900000,2095.2,2097.11,2093.11,2095.61,2449.01
615,1775590200000,2095.61,2095.65,2090.36,2091.25,3815.82
616,1775590500000,2091.25,2092.6,2089.46,2091.84,1392.73
617,1775590800000,2091.84,2095.38,2090.76,2093.55,4588.15
618,1775591100000,2093.55,2111.91,2092.9,2105.99,36490.8
619,1775591400000,2105.99,2115.99,2105.99,2111.94,15694.06
620,1775591700000,2111.94,2113.99,2108.86,2112.67,16401.92
621,1775592000000,2112.67,2124.91,2112.03,2119.04,39673.21
622,1775592300000,2119.04,2124.87,2118.33,2118.94,16015.62
623,1775592600000,2118.94,2120.04,2117.18,2118.81,4929.43
624,1775592900000,2118.81,2121.25,2112.17,2115.9,6881.81
625,1775593200000,2115.9,2116.14,2113.02,2114.27,2152.57
626,1775593500000,2114.27,2115.69,2112.16,2114.98,2466.35
627,1775593800000,2114.98,2117.83,2114.65,2115.88,1543.81
628,1775594100000,2115.88,2116.84,2111.89,2114.29,4125.63
629,1775594400000,2114.29,2119.5,2114.17,2114.73,3531.82
630,1775594700000,2114.73,2115.3,2112.99,2114.06,2421.64
631,1775595000000,2114.06,2114.27,2109.75,2110.15,4608.75
632,1775595300000,2110.15,2114.72,2110.15,2114.72,2985.27
633,1775595600000,2114.72,2118.9,2114.71,2117.0,3100.94
634,1775595900000,2117.0,2142.3,2115.59,2137.39,41190.51
635,1775596200000,2137.39,2152.79,2136.67,2141.11,38037.63
636,1775596500000,2141.11,2143.71,2133.15,2136.04,12468.59
637,1775596800000,2136.04,2138.0,2133.03,2133.6,4988.22
638,1775597100000,2133.6,2133.6,2127.01,2129.7,6781.78
639,1775597400000,2129.7,2134.88,2129.67,2133.49,3161.94
640,1775597700000,2133.49,2143.3,2133.48,2141.74,8670.34
641,1775598000000,2141.74,2142.65,2137.39,2142.65,4861.72
642,1775598300000,2142.65,2149.98,2140.04,2141.0,11341.14
643,1775598600000,2141.0,2148.53,2140.38,2143.67,6715.63
644,1775598900000,2143.67,2145.26,2140.1,2144.48,3267.98
645,1775599200000,2144.48,2155.8,2144.48,2151.34,15942.65
646,1775599500000,2151.34,2165.75,2150.8,2153.09,26855.09
647,1775599800000,2153.09,2158.4,2152.13,2158.4,6951.21
648,1775600100000,2158.4,2159.88,2154.44,2155.18,6659.32
649,1775600400000,2155.18,2161.03,2152.52,2157.01,5041.49
650,1775600700000,2157.01,2160.35,2155.43,2158.56,3940.67
651,1775601000000,2158.56,2182.19,2158.49,2176.49,89048.73
652,1775601300000,2176.49,2192.0,2175.39,2181.67,51018.26
653,1775601600000,2181.67,2185.74,2169.05,2176.9,22072.87
654,1775601900000,2176.9,2185.6,2175.59,2185.34,12656.07
655,1775602200000,2185.34,2197.46,2183.65,2193.87,26174.04
656,1775602500000,2193.87,2219.48,2191.6,2219.42,68105.22
657,1775602800000,2219.42,2235.65,2219.42,2221.0,50948.28
658,1775603100000,2221.0,2235.0,2214.55,2230.47,27354.86
659,1775603400000,2230.47,2243.0,2226.34,2230.07,25363.88
660,1775603700000,2230.07,2232.12,2219.81,2230.15,17360.65
661,1775604000000,2230.15,2258.52,2230.15,2251.14,54589.21
662,1775604300000,2251.14,2270.0,2248.26,2269.4,33710.26
663,1775604600000,2269.4,2273.72,2251.29,2252.58,40819.39
664,1775604900000,2252.58,2254.19,2241.9,2243.52,19820.48
665,1775605200000,2243.52,2249.42,2240.45,2247.56,12807.22
666,1775605500000,2247.56,2260.0,2246.96,2253.31,13405.87
667,1775605800000,2253.31,2255.81,2243.52,2244.84,20712.41
668,1775606100000,2244.84,2244.84,2237.48,2239.15,18367.47
669,1775606400000,2239.15,2250.22,2237.74,2240.49,14866.34
670,1775606700000,2240.49,2246.4,2237.77,2239.63,8665.39
671,1775607000000,2239.63,2245.54,2236.38,2242.6,11269.2
672,1775607300000,2242.6,2248.74,2239.2,2242.23,7223.33
673,1775607600000,2242.23,2244.74,2236.62,2240.04,5445.06
674,1775607900000,2240.04,2243.89,2238.61,2239.45,5231.48
675,1775608200000,2239.45,2240.59,2231.51,2233.6,13075.44
676,1775608500000,2233.6,2240.33,2231.36,2239.22,7946.43
677,1775608800000,2239.22,2242.45,2234.71,2235.71,6239.22
678,1775609100000,2235.71,2236.73,2226.78,2228.31,18000.14
679,1775609400000,2228.31,2233.99,2228.31,2229.99,3985.41
680,1775609700000,2229.99,2235.3,2229.39,2235.3,3498.88
681,1775610000000,2235.3,2237.78,2231.34,2231.46,5946.17
682,1775610300000,2231.46,2242.46,2231.0,2241.39,8224.69
683,1775610600000,2241.39,2242.0,2238.08,2240.42,3820.13
684,1775610900000,2240.42,2240.44,2232.22,2233.92,5036.18
685,1775611200000,2233.92,2235.23,2228.91,2232.75,2847.33
686,1775611500000,2232.75,2234.15,2231.0,2231.68,1284.72
687,1775611800000,2231.68,2233.88,2231.0,2233.66,1339.5
688,1775612100000,2233.66,2238.72,2233.0,2236.45,2765.33
689,1775612400000,2236.45,2238.63,2235.5,2235.89,1092.98
690,1775612700000,2235.89,2239.25,2235.36,2235.99,1478.62
691,1775613000000,2235.99,2238.7,2234.15,2235.23,994.86
692,1775613300000,2235.23,2236.67,2232.71,2233.41,2581.45
693,1775613600000,2233.41,2237.73,2231.66,2235.6,2000.26
694,1775613900000,2235.6,2244.99,2235.16,2243.99,10052.81
695,1775614200000,2243.99,2246.87,2242.25,2244.8,7219.96
696,1775614500000,2244.8,2245.0,2234.62,2235.42,6365.23
697,1775614800000,2235.42,2235.86,2229.8,2234.38,12134.84
698,1775615100000,2234.38,2236.48,2232.7,2235.28,2389.16
699,1775615400000,2235.28,2236.4,2230.01,2234.04,7325.68
700,1775615700000,2234.04,2234.35,2230.0,2232.47,3061.6
701,1775616000000,2232.47,2233.51,2231.19,2232.24,1801.13
702,1775616300000,2232.24,2235.66,2230.6,2235.66,2442.45
703,1775616600000,2235.66,2236.33,2233.65,2235.14,2780.82
704,1775616900000,2235.14,2236.37,2232.99,2236.35,1536.21
705,1775617200000,2236.35,2237.08,2235.75,2236.3,1384.0
706,1775617500000,2236.3,2236.47,2232.75,2234.63,1207.23
707,1775617800000,2234.63,2234.7,2231.77,2232.52,2906.31
708,1775618100000,2232.52,2233.82,2230.76,2231.57,1858.63
709,1775618400000,2231.57,2233.88,2231.34,2231.99,983.6
710,1775618700000,2231.99,2239.17,2231.2,2238.43,4446.68
711,1775619000000,2238.43,2238.43,2234.63,2236.74,2519.97
712,1775619300000,2236.74,2237.17,2234.39,2234.85,1125.84
713,1775619600000,2234.85,2237.8,2234.29,2236.16,1156.28
714,1775619900000,2236.16,2236.48,2233.41,2233.49,1159.94
715,1775620200000,2233.49,2234.52,2232.7,2234.19,1026.88
716,1775620500000,2234.19,2234.84,2233.08,2233.69,681.61
717,1775620800000,2233.69,2239.6,2233.69,2237.46,9016.07
718,1775621100000,2237.46,2251.26,2237.06,2244.46,16938.57
719,1775621400000,2244.46,2245.7,2241.33,2242.94,4833.38
720,1775621700000,2242.94,2245.08,2241.72,2242.21,2540.14
721,1775622000000,2242.21,2244.9,2241.15,2242.07,3138.02
722,1775622300000,2242.07,2246.75,2241.36,2244.16,1753.21
723,1775622600000,2244.16,2244.86,2242.65,2243.0,1465.17
724,1775622900000,2243.0,2252.44,2243.0,2249.34,5097.6
725,1775623200000,2249.34,2251.49,2246.86,2248.18,3474.4
726,1775623500000,2248.18,2249.7,2247.15,2247.15,1526.27
727,1775623800000,2247.15,2247.29,2244.46,2244.64,1253.42
728,1775624100000,2244.64,2245.9,2239.22,2239.92,5072.05
729,1775624400000,2239.92,2242.54,2239.23,2242.23,3237.95
730,1775624700000,2242.23,2244.04,2241.33,2242.96,2170.04
731,1775625000000,2242.96,2243.8,2239.87,2240.97,2595.07
732,1775625300000,2240.97,2242.19,2240.01,2241.0,4311.69
733,1775625600000,2241.0,2244.74,2240.99,2244.11,2824.21
734,1775625900000,2244.11,2244.44,2242.63,2243.4,955.02
735,1775626200000,2243.4,2243.92,2241.26,2241.3,789.69
736,1775626500000,2241.3,2241.42,2238.61,2239.43,2023.46
737,1775626800000,2239.43,2243.05,2238.93,2239.66,3442.46
738,1775627100000,2239.66,2240.19,2237.34,2240.19,2454.59
739,1775627400000,2240.19,2244.46,2240.19,2241.84,2417.76
740,1775627700000,2241.84,2241.84,2239.04,2239.89,2349.98
741,1775628000000,2239.89,2240.2,2234.01,2236.12,5026.01
742,1775628300000,2236.12,2238.61,2235.64,2236.65,1146.22
743,1775628600000,2236.65,2241.45,2236.26,2240.72,4763.81
744,1775628900000,2240.72,2247.1,2239.56,2246.51,6094.32
745,1775629200000,2246.51,2252.5,2246.0,2249.91,12689.35
746,1775629500000,2249.91,2253.31,2247.7,2250.14,7075.26
747,1775629800000,2250.14,2250.25,2246.86,2247.8,2679.36
748,1775630100000,2247.8,2250.25,2246.64,2247.9,3271.35
749,1775630400000,2247.9,2249.25,2246.98,2248.42,3566.48
750,1775630700000,2248.42,2249.78,2244.2,2246.83,4119.14
751,1775631000000,2246.83,2248.69,2244.75,2245.5,1753.2
752,1775631300000,2245.5,2245.5,2244.02,2245.14,1530.78
753,1775631600000,2245.14,2246.0,2243.29,2244.04,3132.08
754,1775631900000,2244.04,2248.5,2244.04,2248.43,2071.14
755,1775632200000,2248.43,2251.0,2246.5,2249.68,1831.93
756,1775632500000,2249.68,2250.5,2247.85,2250.4,2372.6
757,1775632800000,2250.4,2259.93,2250.17,2256.39,16372.78
758,1775633100000,2256.39,2259.9,2255.37,2255.55,7500.25
759,1775633400000,2255.55,2255.56,2246.62,2246.88,4554.39
760,1775633700000,2246.88,2249.25,2246.2,2248.59,3592.73
761,1775634000000,2248.59,2250.67,2247.85,2249.9,2778.53
762,1775634300000,2249.9,2250.76,2248.44,2249.84,1546.95
763,1775634600000,2249.84,2252.05,2249.43,2251.82,1762.66
764,1775634900000,2251.82,2252.84,2250.05,2252.74,2753.25
765,1775635200000,2252.74,2257.1,2252.29,2255.74,8795.21
766,1775635500000,2255.74,2258.45,2254.06,2254.55,2918.16
767,1775635800000,2254.55,2254.8,2251.11,2252.78,1841.6
768,1775636100000,2252.78,2258.3,2251.81,2257.31,4963.99
769,1775636400000,2257.31,2257.78,2254.67,2255.26,1049.56
770,1775636700000,2255.26,2256.5,2252.86,2255.11,1904.77
771,1775637000000,2255.11,2258.19,2253.82,2257.46,1362.98
772,1775637300000,2257.46,2258.0,2250.6,2253.65,3651.49
773,1775637600000,2253.65,2254.78,2248.94,2251.8,4337.94
774,1775637900000,2251.8,2256.89,2251.12,2255.04,3010.47
775,1775638200000,2255.04,2256.78,2252.25,2253.22,1943.07
776,1775638500000,2253.22,2257.02,2252.96,2255.55,2367.31
777,1775638800000,2255.55,2258.04,2255.52,2258.04,3677.59
778,1775639100000,2258.04,2263.0,2256.75,2257.74,7233.21
779,1775639400000,2257.74,2260.53,2256.05,2256.62,2954.76
780,1775639700000,2256.62,2258.1,2254.22,2257.72,1821.31
781,1775640000000,2257.72,2257.72,2254.58,2255.14,1680.74
782,1775640300000,2255.14,2255.34,2248.71,2249.44,7693.32
783,1775640600000,2249.44,2252.25,2249.44,2251.24,2922.22
784,1775640900000,2251.24,2251.83,2248.87,2250.2,1936.91
785,1775641200000,2250.2,2250.2,2245.16,2245.54,3668.76
786,1775641500000,2245.54,2249.37,2245.35,2247.88,4252.78
787,1775641800000,2247.88,2249.98,2247.1,2248.72,2034.69
788,1775642100000,2248.72,2250.92,2247.81,2248.72,1304.78
789,1775642400000,2248.72,2252.46,2248.44,2248.66,1838.84
790,1775642700000,2248.66,2253.39,2245.92,2250.0,1997.18
791,1775643000000,2250.0,2250.0,2245.54,2247.11,1390.01
792,1775643300000,2247.11,2248.78,2245.65,2248.6,1285.56
793,1775643600000,2248.6,2250.63,2247.18,2249.15,830.85
794,1775643900000,2249.15,2251.15,2248.15,2249.34,1190.29
795,1775644200000,2249.34,2249.66,2241.51,2243.59,6694.05
796,1775644500000,2243.59,2245.45,2241.56,2244.21,1707.43
797,1775644800000,2244.21,2244.77,2242.54,2243.91,1762.99
798,1775645100000,2243.91,2246.0,2243.21,2245.69,1700.7
799,1775645400000,2245.69,2247.46,2244.97,2245.99,4248.67
800,1775645700000,2245.99,2246.18,2240.41,2241.51,3987.63
801,1775646000000,2241.51,2243.88,2240.1,2242.87,4112.21
802,1775646300000,2242.87,2244.75,2242.57,2244.4,4285.33
803,1775646600000,2244.4,2248.69,2244.39,2247.08,1698.52
804,1775646900000,2247.08,2248.95,2246.51,2247.54,1709.63
805,1775647200000,2247.54,2247.96,2243.22,2247.94,3451.57
806,1775647500000,2247.94,2254.49,2247.94,2252.59,11507.38
807,1775647800000,2252.59,2252.59,2249.43,2251.93,1797.66
808,1775648100000,2251.93,2251.93,2235.69,2239.06,10265.24
809,1775648400000,2239.06,2241.83,2239.06,2240.42,1932.03
810,1775648700000,2240.42,2243.49,2238.1,2242.52,3667.49
811,1775649000000,2242.52,2247.85,2242.52,2247.04,4633.45
812,1775649300000,2247.04,2247.53,2245.52,2246.37,2132.24
813,1775649600000,2246.37,2250.56,2246.35,2249.13,3376.07
814,1775649900000,2249.13,2251.76,2248.43,2249.13,2784.28
815,1775650200000,2249.13,2253.11,2248.6,2253.03,3516.08
816,1775650500000,2253.03,2253.82,2247.66,2248.36,3966.57
817,1775650800000,2248.36,2249.42,2241.37,2244.71,7413.46
818,1775651100000,2244.71,2248.02,2243.8,2247.16,1903.26
819,1775651400000,2247.16,2253.07,2246.42,2251.13,2669.87
820,1775651700000,2251.13,2256.44,2251.13,2253.34,4838.1
821,1775652000000,2253.34,2254.78,2251.3,2253.83,1961.59
822,1775652300000,2253.83,2257.49,2252.34,2253.99,2261.58
823,1775652600000,2253.99,2255.4,2252.91,2253.27,1381.81
824,1775652900000,2253.27,2258.57,2252.84,2254.84,3514.44
825,1775653200000,2254.84,2259.16,2254.43,2256.88,2948.8
826,1775653500000,2256.88,2269.72,2254.87,2264.61,21003.01
827,1775653800000,2264.61,2264.62,2257.66,2260.65,19928.89
828,1775654100000,2260.65,2266.32,2258.17,2258.37,10274.03
829,1775654400000,2258.37,2258.42,2251.87,2257.19,6763.17
830,1775654700000,2257.19,2259.73,2256.74,2259.55,3322.91
831,1775655000000,2259.55,2265.0,2243.31,2247.73,20391.86
832,1775655300000,2247.73,2248.73,2235.48,2237.0,15118.96
833,1775655600000,2237.0,2241.3,2231.99,2233.96,18437.09
834,1775655900000,2233.96,2245.32,2231.01,2243.56,17491.73
835,1775656200000,2243.56,2243.95,2233.9,2234.3,11705.05
836,1775656500000,2234.3,2238.36,2230.03,2234.65,10819.75
837,1775656800000,2234.65,2240.0,2234.31,2234.41,6168.03
838,1775657100000,2234.41,2236.5,2220.9,2222.25,20400.68
839,1775657400000,2222.25,2233.0,2219.13,2230.44,15370.26
840,1775657700000,2230.44,2233.56,2223.77,2225.15,6224.26
841,1775658000000,2225.15,2229.16,2223.41,2226.8,4386.18
842,1775658300000,2226.8,2228.61,2224.05,2224.68,4156.12
843,1775658600000,2224.68,2226.86,2203.82,2204.67,51079.42
844,1775658900000,2204.67,2211.99,2201.16,2208.42,21836.49
845,1775659200000,2208.42,2210.69,2205.53,2205.65,7238.27
846,1775659500000,2205.65,2208.0,2196.0,2203.0,26179.33
847,1775659800000,2203.0,2203.14,2188.8,2194.86,20274.35
848,1775660100000,2194.86,2196.42,2185.62,2194.26,22909.28
849,1775660400000,2194.26,2199.26,2192.0,2198.41,18591.83
850,1775660700000,2198.41,2203.51,2195.42,2196.35,12666.93
851,1775661000000,2196.35,2204.17,2195.0,2204.17,6139.07
852,1775661300000,2204.17,2205.29,2199.69,2204.51,6367.21
853,1775661600000,2204.51,2207.99,2203.55,2206.71,7807.61
854,1775661900000,2206.71,2207.4,2203.56,2205.44,3901.66
855,1775662200000,2205.44,2207.0,2202.64,2206.75,3492.08
856,1775662500000,2206.75,2218.91,2206.74,2213.34,52477.86
857,1775662800000,2213.34,2214.07,2208.56,2210.66,5467.02
858,1775663100000,2210.66,2215.49,2210.39,2212.67,3805.45
859,1775663400000,2212.67,2215.0,2210.37,2212.73,3952.02
860,1775663700000,2212.73,2216.0,2212.13,2214.6,5454.96
861,1775664000000,2214.6,2217.83,2211.18,2214.63,5741.91
862,1775664300000,2214.63,2217.15,2212.32,2213.19,7174.87
863,1775664600000,2213.19,2216.72,2211.61,2214.72,3621.44
864,1775664900000,2214.72,2219.75,2212.05,2217.41,5423.23
865,1775665200000,2217.41,2221.91,2215.64,2220.18,5294.78
866,1775665500000,2220.18,2221.27,2217.9,2218.28,2837.76
867,1775665800000,2218.28,2218.52,2210.22,2212.65,5731.44
868,1775666100000,2212.65,2215.38,2211.99,2214.97,3105.2
869,1775666400000,2214.97,2217.98,2214.63,2216.22,1879.36
870,1775666700000,2216.22,2220.92,2214.36,2219.35,3923.21
871,1775667000000,2219.35,2220.18,2217.0,2219.41,5908.61
872,1775667300000,2219.41,2224.64,2219.37,2219.9,5727.83
873,1775667600000,2219.9,2223.75,2219.63,2220.6,4070.56
874,1775667900000,2220.6,2221.45,2219.3,2221.26,1772.06
875,1775668200000,2221.26,2226.02,2220.25,2224.54,3818.1
876,1775668500000,2224.54,2224.8,2221.77,2223.15,1462.6
877,1775668800000,2223.15,2223.68,2216.75,2217.36,2985.35
878,1775669100000,2217.36,2219.31,2211.75,2218.44,7878.27
879,1775669400000,2218.44,2222.99,2218.43,2222.8,3894.83
880,1775669700000,2222.8,2238.52,2221.75,2230.83,22520.22
881,1775670000000,2230.83,2233.86,2228.05,2233.18,6345.61
882,1775670300000,2233.18,2234.17,2230.96,2232.39,2341.83
883,1775670600000,2232.39,2233.05,2229.13,2229.29,1654.06
884,1775670900000,2229.29,2231.74,2229.2,2230.7,2432.54
885,1775671200000,2230.7,2231.0,2226.47,2227.95,2838.45
886,1775671500000,2227.95,2232.0,2227.0,2227.85,3170.77
887,1775671800000,2227.85,2228.39,2223.48,2226.46,1827.94
888,1775672100000,2226.46,2227.84,2213.2,2215.55,15359.25
889,1775672400000,2215.55,2218.7,2212.1,2214.1,14872.67
890,1775672700000,2214.1,2214.99,2210.59,2212.25,3946.33
891,1775673000000,2212.25,2218.4,2212.25,2218.21,3613.17
892,1775673300000,2218.21,2219.08,2212.68,2212.68,3283.11
893,1775673600000,2212.68,2212.8,2205.83,2207.04,10540.67
894,1775673900000,2207.04,2209.61,2205.42,2207.15,9199.05
895,1775674200000,2207.15,2207.16,2202.3,2202.91,10711.46
896,1775674500000,2202.91,2203.46,2198.35,2200.47,12986.15
897,1775674800000,2200.47,2200.6,2196.58,2199.42,8129.25
898,1775675100000,2199.42,2203.94,2198.21,2201.69,5523.03
899,1775675400000,2201.69,2205.94,2201.69,2204.62,4244.58
900,1775675700000,2204.62,2205.34,2201.36,2203.24,2072.67
901,1775676000000,2203.24,2204.3,2198.49,2202.34,1904.15
902,1775676300000,2202.34,2204.6,2198.48,2198.5,1725.32
903,1775676600000,2198.5,2203.0,2196.52,2201.06,2572.41
904,1775676900000,2201.06,2208.69,2200.04,2206.5,7612.84
905,1775677200000,2206.5,2206.81,2201.01,2205.27,3799.63
906,1775677500000,2205.27,2207.09,2204.7,2205.56,3887.04
907,1775677800000,2205.56,2208.1,2205.15,2205.56,2397.02
908,1775678100000,2205.56,2211.13,2204.46,2209.9,3952.88
909,1775678400000,2209.9,2214.85,2209.56,2212.11,5834.18
910,1775678700000,2212.11,2215.62,2211.2,2212.65,3252.89
911,1775679000000,2212.65,2214.65,2212.41,2214.0,2182.04
912,1775679300000,2214.0,2215.85,2214.0,2215.35,2009.43
913,1775679600000,2215.35,2215.35,2211.47,2213.5,1584.79
914,1775679900000,2213.5,2214.15,2213.13,2213.49,353.88
915,1775680200000,2213.49,2213.9,2210.02,2210.64,3063.95
916,1775680500000,2210.64,2210.64,2204.75,2208.1,4444.88
917,1775680800000,2208.1,2208.72,2205.27,2206.0,959.51
918,1775681100000,2206.0,2208.74,2204.67,2207.73,2516.86
919,1775681400000,2207.73,2209.28,2206.46,2208.65,1684.35
920,1775681700000,2208.65,2209.71,2207.96,2208.91,1416.53
921,1775682000000,2208.91,2209.03,2206.89,2206.89,1059.88
922,1775682300000,2206.89,2211.55,2206.88,2210.0,3466.56
923,1775682600000,2210.0,2218.78,2210.0,2213.8,7715.8
924,1775682900000,2213.8,2215.69,2213.3,2215.01,963.43
925,1775683200000,2215.01,2221.89,2214.75,2217.76,10497.69
926,1775683500000,2217.76,2222.69,2217.6,2219.8,8632.39
927,1775683800000,2219.8,2221.02,2215.17,2215.17,4918.85
928,1775684100000,2215.17,2219.3,2215.09,2218.41,4478.86
929,1775684400000,2218.41,2218.95,2213.9,2214.96,2278.23
930,1775684700000,2214.96,2217.41,2213.69,2215.59,686.17
931,1775685000000,2215.59,2216.31,2214.59,2214.95,746.03
932,1775685300000,2214.95,2214.95,2211.93,2213.99,1971.21
933,1775685600000,2213.99,2214.61,2209.6,2209.78,2186.99
934,1775685900000,2209.78,2213.09,2209.33,2211.43,911.72
935,1775686200000,2211.43,2211.97,2207.42,2209.21,2692.42
936,1775686500000,2209.21,2210.49,2204.0,2205.21,1583.01
937,1775686800000,2205.21,2206.1,2197.68,2199.43,9256.63
938,1775687100000,2199.43,2200.98,2191.09,2192.75,11914.55
939,1775687400000,2192.75,2196.8,2186.61,2196.78,13229.38
940,1775687700000,2196.78,2200.72,2196.78,2199.74,5423.89
941,1775688000000,2199.74,2200.14,2196.81,2196.97,1131.37
942,1775688300000,2196.97,2198.36,2196.14,2198.1,1813.5
943,1775688600000,2198.1,2198.69,2192.97,2193.63,5419.15
944,1775688900000,2193.63,2193.63,2188.01,2188.91,11831.24
945,1775689200000,2188.91,2189.07,2181.58,2184.47,17210.62
946,1775689500000,2184.47,2188.39,2183.86,2185.75,6809.9
947,1775689800000,2185.75,2192.79,2185.74,2192.15,6750.96
948,1775690100000,2192.15,2192.95,2186.38,2187.52,8530.33
949,1775690400000,2187.52,2188.28,2177.66,2182.94,24155.39
950,1775690700000,2182.94,2184.37,2179.67,2183.54,4609.8
951,1775691000000,2183.54,2185.97,2181.0,2185.03,2632.17
952,1775691300000,2185.03,2188.87,2184.03,2185.21,3569.98
953,1775691600000,2185.21,2188.22,2184.99,2186.76,1283.92
954,1775691900000,2186.76,2189.42,2186.13,2189.42,2315.2
955,1775692200000,2189.42,2191.43,2187.35,2187.36,4186.69
956,1775692500000,2187.36,2189.74,2186.71,2188.79,1293.21
957,1775692800000,2188.79,2189.66,2187.08,2189.04,1745.1
958,1775693100000,2189.04,2192.81,2188.23,2189.61,2251.68
959,1775693400000,2189.61,2190.79,2189.0,2190.38,943.9
960,1775693700000,2190.38,2191.37,2186.01,2187.55,8355.27
961,1775694000000,2187.55,2189.06,2186.0,2186.79,2091.8
962,1775694300000,2186.79,2187.29,2183.39,2184.13,5742.8
963,1775694600000,2184.13,2185.44,2180.13,2182.61,3786.86
964,1775694900000,2182.61,2186.54,2180.4,2180.57,1623.08
965,1775695200000,2180.57,2182.21,2177.5,2181.92,5267.81
966,1775695500000,2181.92,2182.76,2178.97,2181.77,9989.58
967,1775695800000,2181.77,2182.32,2178.8,2181.15,6073.72
968,1775696100000,2181.15,2185.42,2181.11,2181.64,9055.93
969,1775696400000,2181.64,2184.13,2180.56,2182.63,3128.27
970,1775696700000,2182.63,2182.82,2160.54,2167.37,42946.99
971,1775697000000,2167.37,2170.95,2165.31,2170.59,10184.01
972,1775697300000,2170.59,2171.0,2165.73,2168.88,4242.89
973,1775697600000,2168.88,2170.74,2163.65,2167.33,2543.85
974,1775697900000,2167.33,2170.87,2166.26,2169.28,3920.49
975,1775698200000,2169.28,2177.75,2167.75,2176.41,6577.47
976,1775698500000,2176.41,2176.54,2172.34,2174.6,2643.27
977,1775698800000,2174.6,2174.8,2173.33,2173.64,10519.45
978,1775699100000,2173.64,2177.04,2170.17,2175.35,4935.21
979,1775699400000,2175.35,2178.9,2175.35,2177.85,4939.95
980,1775699700000,2177.85,2178.08,2175.25,2177.86,6858.71
981,1775700000000,2177.86,2182.52,2176.29,2176.67,14284.67
982,1775700300000,2176.67,2179.7,2176.44,2178.54,1870.49
983,1775700600000,2178.54,2179.04,2173.07,2174.1,6894.56
984,1775700900000,2174.1,2179.67,2172.94,2179.64,6430.02
985,1775701200000,2179.64,2180.16,2177.82,2179.25,1287.97
986,1775701500000,2179.25,2183.0,2179.01,2180.66,2475.5
987,1775701800000,2180.66,2182.9,2180.44,2180.61,4806.23
988,1775702100000,2180.61,2181.65,2178.31,2179.82,3407.2
989,1775702400000,2179.82,2179.82,2175.5,2178.51,3285.06
990,1775702700000,2178.51,2183.83,2177.66,2182.81,4796.01
991,1775703000000,2182.81,2184.71,2182.16,2183.4,5263.35
992,1775703300000,2183.4,2184.06,2179.43,2180.74,4989.19
993,1775703600000,2180.74,2181.59,2179.38,2181.59,1741.35
994,1775703900000,2181.59,2182.67,2178.95,2179.41,3632.93
995,1775704200000,2179.41,2180.01,2178.56,2179.79,3474.32
996,1775704500000,2179.79,2180.19,2177.99,2178.72,1459.74
997,1775704800000,2178.72,2180.47,2177.11,2180.4,3738.76
998,1775705100000,2180.4,2180.8,2175.41,2177.65,5577.72
999,1775705400000,2177.65,2180.13,2177.64,2179.5,908.21
