strategy_id,direction,signals,n_signals,tp,sl,train_return,train_sharpe,train_drawdown,train_trades,train_winrate,test_return,test_sharpe,test_drawdown,test_trades,test_winrate,test_score,weight_MaxSharpe_MV_%,weight_MinVariance_MV_%,weight_MinCVaR_%,weight_MaxReturn_CVaRCap_%,weight_ScoreWeighted_%,weight_EqualWeight_%
fe8bdd19,bear,s13|s76|s51|s61|s100,5,0.035178,0.016497,29.1369,0.0,-16.0357,101,45.5446,24.6111,0.0,-5.9608,31,54.8387,0.151948,0.0,0.0832,0.0,0.0,1.9063,0.5376
6d642f4b,bear,s13|s76|s51|s72,4,0.033088,0.015565,33.3473,0.0,-9.4634,71,49.2958,15.7608,0.0,-8.4679,24,54.1667,0.096067,0.0,0.0832,0.0,0.0,1.2052,0.5376
029f8ff5,bear,s28|s86|s22|s25|s62,5,0.067931,0.016092,65.0217,0.0,-21.6256,67,34.3284,10.9864,0.0,-8.3734,23,30.4348,0.05066,0.001,0.0832,0.0,0.0,0.6356,0.5376
081de5df,bear,s100|s19|s51|s29|s22,5,0.044857,0.018277,52.0853,0.0,-20.6877,100,43.0,4.7759,0.0,-8.9541,34,38.2353,0.072724,0.0009,0.0832,0.0,0.0,0.9124,0.5376
8c0beff2,bear,s81|s50|s89|s13|s67,5,0.065502,0.016074,64.3352,0.0,-11.9098,46,39.1304,7.9477,0.0,-9.289,16,31.25,0.031256,0.0011,0.0832,0.0,0.0,0.3921,0.5376
63a663e2,bear,s28|s23|s101|s61,4,0.061372,0.016433,42.2696,0.0,-15.4589,67,34.3284,37.7486,0.0,-9.2426,21,47.619,0.111772,0.0005,0.0832,0.0,0.0,1.4023,0.5376
0b9a584a,bear,s72|s23|s25|s98,4,0.061641,0.01559,46.1491,0.0,-15.3299,75,33.3333,27.8527,0.0,-8.8658,22,40.9091,0.091318,0.0,0.0832,0.0,0.0,1.1456,0.5376
108cb2bc,bear,s97|s29|s22|s100|s31,5,0.069257,0.017936,45.504,0.0,-13.408,51,35.2941,27.991,0.0,-8.6164,19,42.1053,0.080724,0.0,0.0832,0.0,0.0,1.0127,0.5376
d05d9a45,bear,s81|s101|s66|s23|s25,5,0.077054,0.015087,66.1583,0.0,-21.5001,73,28.7671,10.659,0.0,-14.2688,27,25.9259,0.041908,0.001,0.0832,0.0,0.0,0.5258,0.5376
0ba0bf7e,bear,s101|s23|s28|s77,4,0.067068,0.019601,45.315,0.0,-21.0846,75,33.3333,40.8692,0.0,-15.2308,21,47.619,0.109469,48.7898,0.0832,100.0,100.0,1.3734,0.5376
500ee2d8,bear,s23|s101|s77|s85,4,0.043536,0.016116,46.242,0.0,-14.519,76,43.4211,6.6497,0.0,-13.5336,23,39.1304,0.047559,0.0006,0.0832,0.0,0.0,0.5967,0.5376
af69157b,bull,s73|s92|s91|s33,4,0.053435,0.015659,52.4662,0.0,-11.184,64,39.0625,3.7236,0.0,-9.7157,12,33.3333,0.020579,0.001,0.0832,0.0,0.0,0.2582,0.5376
1897565c,bear,s76|s22|s16|s51|s89,5,0.028947,0.018469,21.8242,0.0,-12.7838,66,54.5455,15.8781,0.0,-5.1118,20,65.0,0.097271,0.0,0.0832,0.0,0.0,1.2203,0.5376
06f7a98d,bear,s23|s51|s18|s85|s22,5,0.041204,0.017941,38.8695,0.0,-12.9947,45,51.1111,9.0347,0.0,-8.3301,22,45.4545,0.064905,0.0003,0.0832,0.0,0.0,0.8143,0.5376
e3450113,bull,s41|s95|s87|s55,4,0.070329,0.016137,56.265,0.0,-14.7884,56,33.9286,3.3327,0.0,-9.4232,15,26.6667,0.019518,0.0011,0.0832,0.0,0.0,0.2449,0.5376
37007dd6,bear,s72|s89|s13|s97,4,0.029395,0.015217,21.4571,0.0,-10.2014,62,50.0,19.5834,0.0,-4.948,18,66.6667,0.094856,0.0,0.0832,0.0,0.0,1.19,0.5376
f95dd4d0,bear,s13|s85|s20|s89,4,0.030142,0.015608,23.9801,0.0,-8.0739,54,51.8519,11.0492,0.0,-5.8367,15,60.0,0.062006,0.0,0.0832,0.0,0.0,0.7779,0.5376
a9793ecc,bear,s76|s50|s22|s81|s23,5,0.061958,0.018386,52.7537,0.0,-9.0734,43,41.8605,4.4513,0.0,-8.4392,12,33.3333,0.022197,0.0009,0.0832,0.0,0.0,0.2785,0.5376
d6b834ef,bear,s67|s77|s23|s81|s25,5,0.078908,0.018298,50.2786,0.0,-17.6206,68,29.4118,15.5484,0.0,-14.6548,23,30.4348,0.050385,0.0004,0.0832,0.0,0.0,0.6321,0.5376
d350f6f3,bear,s89|s81|s100|s16|s51,5,0.054833,0.015451,46.7156,0.0,-14.5107,64,37.5,7.3682,0.0,-9.7405,14,35.7143,0.03007,0.0006,0.0832,0.0,0.0,0.3772,0.5376
345bdb1d,bull,s11|s91|s73|s63,4,0.044367,0.017491,35.522,0.0,-10.2357,59,44.0678,13.9886,0.0,-9.4998,11,54.5455,0.04204,0.0,0.0832,0.0,0.0,0.5274,0.5376
1022cb9b,bear,s29|s23|s100|s20,4,0.046149,0.017763,38.057,0.0,-14.0971,87,41.3793,2.3061,0.0,-14.0459,28,35.7143,0.041569,0.0006,0.0832,0.0,0.0,0.5215,0.5376
411d190d,bear,s100|s16|s61|s51|s67,5,0.049714,0.01467,42.3604,0.0,-21.097,115,34.7826,5.9474,0.0,-13.4687,41,31.7073,0.064374,0.0006,0.0832,0.0,0.0,0.8076,0.5376
7d62112b,bear,s23|s29|s61|s89|s66,5,0.065848,0.019522,37.5589,0.0,-23.2423,73,34.2466,31.2557,0.0,-12.9907,20,45.0,0.08842,0.0,0.0832,0.0,0.0,1.1093,0.5376
99507538,bear,s61|s23|s89|s29,4,0.070175,0.013841,44.7137,0.0,-19.6492,82,28.0488,24.5626,0.0,-10.9202,19,36.8421,0.066886,0.0,0.0832,0.0,0.0,0.8391,0.5376
5306d34c,bear,s49|s57|s37|s66|s80,5,0.042436,0.01343,34.362,0.0,-13.1204,92,38.0435,6.2381,0.0,-9.3769,28,35.7143,0.05822,0.0003,0.0832,0.0,0.0,0.7304,0.5376
4988c5da,bear,s23|s101,2,0.041691,0.015468,36.764,0.0,-13.9579,75,42.6667,0.3167,0.0,-10.974,23,34.7826,0.033439,0.0006,0.0832,0.0,0.0,0.4195,0.5376
b2985937,bear,s81|s76|s13|s16,4,0.073975,0.015069,45.9369,0.0,-12.7419,50,30.0,13.1115,0.0,-8.5835,11,36.3636,0.029873,0.0003,0.0832,0.0,0.0,0.3748,0.5376
9d574c2e,bull,s79|s83|s54,3,0.079094,0.018995,44.2906,0.0,-15.5949,66,30.303,12.9389,0.0,-15.2384,19,31.5789,0.038295,0.0003,0.0832,0.0,0.0,0.4804,0.5376
bfa1a985,bull,s21|s40|s93|s6,4,0.077059,0.015482,47.879,0.0,-22.2199,76,27.6316,19.7674,0.0,-11.842,18,33.3333,0.051676,0.0001,0.0832,0.0,0.0,0.6483,0.5376
39f5f970,bear,s61|s18|s100|s66,4,0.053833,0.01294,43.3315,0.0,-24.1176,104,31.7308,10.0771,0.0,-13.1118,33,30.303,0.060642,0.0004,0.0832,0.0,0.0,0.7608,0.5376
42ba7a4a,bull,s87|s24|s55|s59,4,0.029834,0.019641,24.1875,0.0,-9.1291,48,58.3333,0.9063,0.0,-5.3165,8,50.0,0.022028,0.0002,0.0832,0.0,0.0,0.2764,0.5376
79ca811f,bear,s97|s22|s50|s89|s29,5,0.030028,0.019166,12.9028,0.0,-17.1624,92,51.087,12.7977,0.0,-8.7049,26,57.6923,0.10304,0.0,0.0832,0.0,0.0,1.2927,0.5376
957990e0,bear,s23|s72|s29|s98,4,0.045519,0.014823,35.1459,0.0,-12.2065,61,40.9836,1.754,0.0,-13.9814,21,33.3333,0.02733,0.0005,0.0832,0.0,0.0,0.3429,0.5376
98b210a6,bear,s13|s81,2,0.052695,0.019679,42.02,0.0,-9.1902,42,45.2381,1.534,0.0,-11.3311,14,35.7143,0.0222,0.0008,0.0832,0.0,0.0,0.2785,0.5376
71267670,bear,s100|s50|s29|s22,4,0.05721,0.018049,32.4237,0.0,-17.7818,53,37.7358,15.0738,0.0,-7.6996,20,40.0,0.062879,0.0,0.0832,0.0,0.0,0.7889,0.5376
483f2bb6,bull,s36|s63|s83,3,0.05353,0.016605,37.0952,0.0,-14.4261,51,39.2157,5.4872,0.0,-7.8558,14,35.7143,0.029547,0.0004,0.0832,0.0,0.0,0.3707,0.5376
9c0b0fa0,bear,s29|s20|s66|s98|s100,5,0.03258,0.016179,23.4282,0.0,-10.9035,53,50.9434,3.6623,0.0,-9.2014,15,46.6667,0.038114,0.0,0.0832,0.0,0.0,0.4782,0.5376
10b2dd7a,bear,s100|s61|s52|s76,4,0.035192,0.016027,25.2303,0.0,-16.29,117,43.5897,2.2838,0.0,-10.6693,34,41.1765,0.068447,0.0001,0.0832,0.0,0.0,0.8587,0.5376
3e35e6a3,bear,s23|s25|s81|s77,4,0.073708,0.013126,40.4926,0.0,-16.7993,80,25.0,20.9591,0.0,-11.8225,23,30.4348,0.06425,0.0,0.0832,0.0,0.0,0.8061,0.5376
86706a72,bear,s29|s25|s98|s89|s23,5,0.044143,0.018539,20.7837,0.0,-17.4083,96,40.625,19.0523,0.0,-9.2895,25,48.0,0.09617,0.0,0.0832,0.0,0.0,1.2065,0.5376
b512e11a,bear,s52|s71|s56|s76,4,0.058695,0.014469,36.4366,0.0,-11.6833,53,33.9623,11.6531,0.0,-7.6403,13,38.4615,0.03616,0.0001,0.0832,0.0,0.0,0.4537,0.5376
9069507a,bear,s76|s89|s51|s56|s22,5,0.020636,0.013704,7.4724,0.0,-10.7886,46,56.5217,9.8128,0.0,-4.6617,21,66.6667,0.094612,0.0,0.0832,0.0,0.0,1.187,0.5376
d0a5c188,bear,s25|s97|s86|s22|s71,5,0.057507,0.019464,33.6437,0.0,-23.0076,74,36.4865,20.8048,0.0,-11.8669,20,45.0,0.073047,0.0,0.0832,0.0,0.0,0.9164,0.5376
ac995a38,bull,s84|s55|s3|s73,4,0.048052,0.017014,37.3562,0.0,-15.1492,57,42.1053,2.4007,0.0,-5.701,8,37.5,0.0168,0.0006,0.0832,0.0,0.0,0.2108,0.5376
25bca337,bull,s40|s36|s55|s47,4,0.030423,0.019615,15.8964,0.0,-10.3212,67,52.2388,8.8114,0.0,-7.6788,15,60.0,0.057663,0.0,0.0832,0.0,0.0,0.7234,0.5376
52615e1e,bear,s81|s13|s67,3,0.055368,0.019594,41.0768,0.0,-10.0585,41,43.9024,5.5522,0.0,-9.2168,13,38.4615,0.028585,0.0005,0.0832,0.0,0.0,0.3586,0.5376
5173bd43,bear,s90|s13|s31|s23,4,0.077313,0.018312,32.9874,0.0,-13.8998,47,31.9149,29.5466,0.0,-10.6208,17,41.1765,0.07135,0.0,0.0832,0.0,0.0,0.8951,0.5376
011056b8,bear,s23|s98|s77|s25,4,0.06111,0.014043,37.4455,0.0,-23.4225,71,30.9859,25.2578,0.0,-13.5273,20,40.0,0.07218,0.0,0.0832,0.0,0.0,0.9055,0.5376
9b6852f4,bear,s51|s77|s66|s101,4,0.024962,0.015458,10.8615,0.0,-13.3613,85,51.7647,5.8736,0.0,-11.4805,28,53.5714,0.08387,0.0,0.0832,0.0,0.0,1.0522,0.5376
bace0857,bear,s51|s23|s66|s31|s37,5,0.063818,0.0187,31.0175,0.0,-21.9691,51,35.2941,29.4513,0.0,-10.007,17,47.0588,0.077847,0.0,0.0832,0.0,0.0,0.9766,0.5376
0cbbd933,bear,s62|s16|s86|s67,4,0.044524,0.016482,29.1543,0.0,-12.9962,54,42.5926,2.9717,0.0,-12.7015,22,36.3636,0.036464,0.0003,0.0832,0.0,0.0,0.4575,0.5376
b5a5d6a3,bear,s52|s100|s98|s61,4,0.036403,0.017215,22.1919,0.0,-19.5319,92,44.5652,5.748,0.0,-11.2862,32,43.75,0.077045,0.0,0.0832,0.0,0.0,0.9666,0.5376
72a8843b,bear,s67|s51|s17|s89|s20,5,0.034824,0.014679,21.8043,0.0,-10.0633,57,45.614,6.1264,0.0,-4.9479,15,46.6667,0.044899,0.0,0.0832,0.0,0.0,0.5633,0.5376
9ab0c0d7,bear,s29|s101|s85|s81,4,0.051652,0.018543,36.7214,0.0,-14.8933,47,42.5532,1.1412,0.0,-10.5998,15,33.3333,0.02183,0.0006,0.0832,0.0,0.0,0.2739,0.5376
1c913d71,bear,s67|s98|s72|s20|s23,5,0.060473,0.015983,32.5729,0.0,-20.9743,74,32.4324,16.7623,0.0,-10.6847,26,34.6154,0.072197,0.0,0.0832,0.0,0.0,0.9058,0.5376
76f32bb8,bear,s13|s66|s89,3,0.02753,0.013771,13.2701,0.0,-12.3641,63,47.619,13.631,0.0,-7.4077,18,61.1111,0.077628,0.0,0.0832,0.0,0.0,0.9739,0.5376
19b02801,bear,s81|s51|s89|s98|s20,5,0.0302,0.01826,28.2249,0.0,-9.3313,40,60.0,5.7475,0.0,-6.3534,6,66.6667,0.024472,0.0001,0.0832,0.0,0.0,0.307,0.5376
3a1e37cb,bear,s89|s13|s26,3,0.026927,0.017254,8.713,0.0,-12.3895,67,50.7463,12.9599,0.0,-5.2153,19,63.1579,0.085754,51.2106,69.6116,0.0,0.0,1.0758,0.5376
5a32e1d6,bear,s29|s25|s76|s23|s81,5,0.076795,0.013583,45.6009,0.0,-21.4076,81,25.9259,9.6524,0.0,-10.7624,24,25.0,0.039035,0.0005,0.0832,0.0,0.0,0.4897,0.5376
6eaee686,bear,s85|s101|s20|s23,4,0.045372,0.016196,29.939,0.0,-15.2677,67,40.2985,2.66,0.0,-9.9571,23,34.7826,0.039154,0.0003,0.0832,0.0,0.0,0.4912,0.5376
63bf3bcc,bear,s77|s66|s51|s13,4,0.031312,0.010906,19.4408,0.0,-5.2376,43,46.5116,7.2889,0.0,-5.4827,20,45.0,0.059083,0.0,0.0832,0.0,0.0,0.7412,0.5376
bddd3747,bear,s18|s100|s62|s13|s66,5,0.056992,0.019412,34.0869,0.0,-21.6902,58,37.931,5.8436,0.0,-12.0946,26,34.6154,0.047287,0.0003,0.0832,0.0,0.0,0.5932,0.5376
c9cf76ee,bull,s91|s73|s92,3,0.051442,0.015416,32.8885,0.0,-12.4009,73,35.6164,8.1733,0.0,-9.5981,13,38.4615,0.031014,0.0001,0.0832,0.0,0.0,0.3891,0.5376
e637adde,bear,s28|s16|s81|s51|s22,5,0.049761,0.019482,32.1375,0.0,-9.2958,37,45.9459,19.8958,0.0,-7.5799,12,58.3333,0.055642,0.0,0.0832,0.0,0.0,0.6981,0.5376
6dbda851,bear,s25|s23|s62|s98|s86,5,0.066199,0.016296,39.4758,0.0,-25.5293,72,30.5556,13.9744,0.0,-15.8792,29,31.0345,0.058791,0.0001,0.0832,0.0,0.0,0.7376,0.5376
f28d7705,bear,s86|s49|s16|s62,4,0.060267,0.012092,33.707,0.0,-16.6922,68,29.4118,13.1086,0.0,-11.5401,27,29.6296,0.05762,0.0,0.0832,0.0,0.0,0.7229,0.5376
81b2d8e6,bear,s50|s22|s66|s37,4,0.021987,0.012855,11.2847,0.0,-10.163,57,54.386,3.406,0.0,-6.04,16,56.25,0.052561,0.0,0.0832,0.0,0.0,0.6594,0.5376
c1e781bf,bear,s89|s81|s13|s57,4,0.024417,0.009728,14.1124,0.0,-5.459,47,48.9362,9.4439,0.0,-4.2907,13,61.5385,0.054475,0.0,0.0832,0.0,0.0,0.6834,0.5376
922d73be,bear,s67|s13|s61|s81,4,0.05644,0.018636,40.0837,0.0,-13.0338,40,42.5,6.6904,0.0,-8.9357,13,38.4615,0.029988,0.0004,0.0832,0.0,0.0,0.3762,0.5376
6ec1a1cb,bear,s25|s19|s23|s81,4,0.074806,0.015335,41.6478,0.0,-20.149,82,26.8293,10.716,0.0,-14.4578,26,26.9231,0.041735,0.0003,0.0832,0.0,0.0,0.5236,0.5376
c4251bbb,bear,s67|s13|s89|s50,4,0.021279,0.010494,9.8286,0.0,-7.9553,48,52.0833,13.1003,0.0,-3.2278,11,81.8182,0.063398,0.0,11.3258,0.0,0.0,0.7954,0.5376
b8b0e0ef,bull,s83|s79|s74|s6,4,0.069564,0.013541,36.6273,0.0,-11.2043,46,30.4348,12.3953,0.0,-6.2821,16,31.25,0.039835,0.0,0.0832,0.0,0.0,0.4998,0.5376
38203adc,bear,s100|s62|s77|s13,4,0.053617,0.019432,26.9618,0.0,-16.4069,45,40.0,12.0692,0.0,-6.7754,23,39.1304,0.066857,0.0,0.0832,0.0,0.0,0.8388,0.5376
e75d6348,bear,s23|s18,2,0.061885,0.019345,24.9993,0.0,-16.228,70,34.2857,18.5694,0.0,-11.5311,23,39.1304,0.072255,0.0,0.0832,0.0,0.0,0.9065,0.5376
471522fd,bear,s80|s25|s23|s67,4,0.041413,0.019527,23.3374,0.0,-11.0249,58,46.5517,0.5013,0.0,-12.4187,15,40.0,0.025425,0.0002,0.0832,0.0,0.0,0.319,0.5376
ca57753b,bear,s62|s18|s22|s100|s49,5,0.047362,0.017287,29.5313,0.0,-22.005,56,41.0714,7.4919,0.0,-8.5557,20,40.0,0.04972,0.0,0.0832,0.0,0.0,0.6238,0.5376
eea9f5f2,bear,s57|s17|s37|s23,4,0.045289,0.015302,27.2815,0.0,-12.297,73,38.3562,2.783,0.0,-11.6022,23,34.7826,0.03711,0.0002,0.0832,0.0,0.0,0.4656,0.5376
9af63b0a,bear,s76|s13|s20|s89,4,0.025492,0.014074,15.7029,0.0,-11.2765,84,50.0,1.3311,0.0,-9.6283,19,47.3684,0.045047,0.0,0.0832,0.0,0.0,0.5651,0.5376
743bcc51,bull,s79|s47|s83|s41|s55,5,0.050396,0.014443,34.7131,0.0,-16.5795,63,36.5079,5.8978,0.0,-6.8669,10,40.0,0.024598,0.0003,0.0832,0.0,0.0,0.3086,0.5376
9bb95556,bear,s62|s86|s22|s98|s20,5,0.068101,0.019844,39.4801,0.0,-29.6465,68,33.8235,13.43,0.0,-15.3497,23,34.7826,0.051529,0.0001,0.0832,0.0,0.0,0.6465,0.5376
bef89903,bear,s25|s66|s61|s23,4,0.06124,0.017757,24.2437,0.0,-15.6584,67,32.8358,22.1599,0.0,-8.2812,19,42.1053,0.072243,0.0,0.0832,0.0,0.0,0.9063,0.5376
09b2453c,bear,s71|s100|s67|s86|s29,5,0.067034,0.019017,36.9512,0.0,-22.0656,54,35.1852,9.1468,0.0,-14.7695,18,33.3333,0.03322,0.0002,0.0832,0.0,0.0,0.4168,0.5376
e8c22fb5,bull,s88|s36|s63|s83,4,0.067415,0.017052,46.7353,0.0,-12.3792,36,38.8889,9.4989,0.0,-6.732,11,36.3636,0.027916,0.0005,0.0832,0.0,0.0,0.3502,0.5376
aee75f0b,bear,s22|s100|s62|s16|s23,5,0.045264,0.016449,26.9657,0.0,-19.0972,70,40.0,2.5753,0.0,-7.5482,25,36.0,0.047828,0.0002,0.0832,0.0,0.0,0.6,0.5376
47d55e71,bear,s52|s100|s67|s85|s61,5,0.041746,0.017125,21.4513,0.0,-20.1191,100,40.0,9.7173,0.0,-12.6265,28,42.8571,0.072554,0.0,0.0832,0.0,0.0,0.9102,0.5376
44c58d35,bear,s37|s23|s51|s31,4,0.045018,0.018582,20.5553,0.0,-20.9915,52,42.3077,13.2494,0.0,-10.4762,22,45.4545,0.06949,0.0,0.0832,0.0,0.0,0.8718,0.5376
20a3e52f,bear,s50|s81|s22|s13|s67,5,0.070133,0.018899,35.0687,0.0,-16.6171,51,33.3333,4.5398,0.0,-15.1977,20,30.0,0.025026,0.0004,0.0832,0.0,0.0,0.314,0.5376
39094614,bull,s12|s83|s11|s73,4,0.067632,0.015734,36.658,0.0,-14.1525,62,30.6452,4.7799,0.0,-11.9942,14,28.5714,0.019278,0.0004,0.0832,0.0,0.0,0.2419,0.5376
173e0afd,bull,s59|s48|s21|s70,4,0.066701,0.012136,38.962,0.0,-14.3267,51,29.4118,1.4692,0.0,-7.2041,13,23.0769,0.013909,0.0007,0.0832,0.0,0.0,0.1745,0.5376
11c6d683,bear,s13|s89|s97|s50,4,0.027674,0.011351,13.7454,0.0,-11.0761,49,46.9388,11.3564,0.0,-5.4723,13,61.5385,0.055542,0.0,0.0832,0.0,0.0,0.6968,0.5376
c7943d47,bear,s81|s29|s19|s23,4,0.076359,0.013371,33.0993,0.0,-14.4391,67,25.3731,16.1492,0.0,-10.7447,21,28.5714,0.049592,0.0,0.0832,0.0,0.0,0.6222,0.5376
9cb157a4,bear,s25|s89|s13|s85,4,0.027841,0.017988,7.5021,0.0,-9.2608,59,50.8475,8.1929,0.0,-5.957,15,60.0,0.05847,0.0,0.0832,0.0,0.0,0.7335,0.5376
e2a2630e,bear,s19|s23|s86|s62,4,0.061052,0.014937,30.9715,0.0,-21.2111,71,30.9859,12.6045,0.0,-13.4954,29,31.0345,0.05976,0.0,0.0832,0.0,0.0,0.7497,0.5376
d3306272,bear,s25|s23|s98,3,0.045611,0.015204,28.0622,0.0,-22.4111,85,37.6471,8.3687,0.0,-10.4935,24,37.5,0.054957,0.0,0.0832,0.0,0.0,0.6895,0.5376
e7ab4e47,bear,s81|s13|s51|s19,4,0.06567,0.015361,33.304,0.0,-13.899,61,31.1475,5.4874,0.0,-13.9539,21,28.5714,0.027637,0.0003,0.0832,0.0,0.0,0.3467,0.5376
aeae1b87,bear,s51|s23|s67|s77|s22,5,0.042123,0.01928,27.8519,0.0,-14.3674,38,50.0,5.1912,0.0,-8.6017,18,44.4444,0.046185,0.0001,0.0832,0.0,0.0,0.5794,0.5376
ff161d9a,bear,s62|s100|s76|s13|s19,5,0.076889,0.01906,38.5708,0.0,-27.4014,56,30.3571,17.4814,0.0,-10.6163,17,35.2941,0.048946,0.0,0.0832,0.0,0.0,0.6141,0.5376
c18aa9d5,bear,s51|s99|s56|s76,4,0.034341,0.016053,17.6992,0.0,-13.261,44,47.7273,13.2659,0.0,-3.9303,13,61.5385,0.058731,0.0,0.0832,0.0,0.0,0.7368,0.5376
cbbc6ed0,bull,s95|s38|s12|s87,4,0.070108,0.015014,33.5185,0.0,-15.9449,66,28.7879,14.3963,0.0,-8.1101,14,35.7143,0.039311,0.0,0.0832,0.0,0.0,0.4932,0.5376
ee04282e,bear,s81|s71|s50|s23|s22,5,0.07613,0.011186,47.9429,0.0,-11.2732,32,31.25,23.4572,0.0,-6.5772,14,35.7143,0.050747,0.0,0.0832,0.0,0.0,0.6367,0.5376
00ffe125,bull,s24|s21|s79|s83,4,0.04505,0.019082,43.3428,0.0,-8.5381,30,56.6667,1.0102,0.0,-6.3817,10,40.0,0.020979,0.0008,0.0832,0.0,0.0,0.2632,0.5376
a3ea09c4,bear,s100|s28|s18|s62|s13,5,0.035996,0.012646,21.0711,0.0,-14.8303,98,38.7755,0.9196,0.0,-9.3785,34,35.2941,0.055369,0.0001,0.0832,0.0,0.0,0.6946,0.5376
dfec9543,bull,s73|s63|s91,3,0.039843,0.018543,20.7176,0.0,-13.342,68,44.1176,7.8589,0.0,-10.935,12,50.0,0.035671,0.0,0.0832,0.0,0.0,0.4475,0.5376
b78d7668,bear,s57|s76|s81|s22|s50,5,0.026991,0.013922,15.3054,0.0,-13.0759,66,50.0,1.4461,0.0,-11.0746,17,47.0588,0.038671,0.0,0.0832,0.0,0.0,0.4852,0.5376
3292a61d,bear,s25|s90|s67|s51|s23,5,0.038817,0.018879,18.5742,0.0,-10.1515,44,47.7273,7.426,0.0,-5.4275,14,50.0,0.045758,0.0,0.0832,0.0,0.0,0.5741,0.5376
cc0ff810,bear,s28|s23|s20|s101,4,0.045525,0.019018,24.9747,0.0,-16.8037,66,42.4242,0.2337,0.0,-11.426,22,36.3636,0.033329,0.0002,0.0832,0.0,0.0,0.4181,0.5376
308bb82e,bear,s13|s81|s19|s51|s100,5,0.077228,0.01231,38.2862,0.0,-16.6857,68,25.0,10.3949,0.0,-12.4058,20,25.0,0.031745,0.0002,0.0832,0.0,0.0,0.3983,0.5376
bc174e47,bear,s62|s97|s49|s20|s86,5,0.07077,0.011341,35.203,0.0,-17.0013,72,25.0,11.5675,0.0,-9.776,24,25.0,0.044132,0.0,0.0832,0.0,0.0,0.5537,0.5376
19e68885,bear,s51|s20|s17|s89,4,0.052096,0.018335,24.6792,0.0,-11.4116,48,39.5833,7.9015,0.0,-6.9026,12,41.6667,0.032616,0.0,0.0832,0.0,0.0,0.4092,0.5376
23e55612,bear,s23|s81|s57|s22|s50,5,0.076229,0.008794,38.7587,0.0,-15.8336,63,22.2222,10.6816,0.0,-11.4991,24,20.8333,0.03395,0.0002,0.0832,0.0,0.0,0.4259,0.5376
5da612a3,bear,s66|s31|s23|s18|s98,5,0.064889,0.017949,32.2633,0.0,-20.794,58,32.7586,8.6546,0.0,-12.5719,22,31.8182,0.040637,0.0001,0.0832,0.0,0.0,0.5098,0.5376
21b1e3e1,bull,s7|s87|s48|s95,4,0.051684,0.014949,28.8237,0.0,-13.1318,52,36.5385,1.5428,0.0,-7.5346,13,30.7692,0.019727,0.0003,0.0832,0.0,0.0,0.2475,0.5376
fe5149af,bear,s22|s29|s20|s100|s98,5,0.045744,0.015233,28.9331,0.0,-23.1389,86,37.2093,1.5143,0.0,-9.3989,30,33.3333,0.046716,0.0003,0.0832,0.0,0.0,0.5861,0.5376
fcdfafba,bear,s18|s20|s23|s85,4,0.061354,0.016976,24.2352,0.0,-15.5028,72,31.9444,12.7564,0.0,-9.8278,24,33.3333,0.05834,0.0,0.0832,0.0,0.0,0.7319,0.5376
80b66e39,bear,s13|s89|s50|s81,4,0.067142,0.009882,37.1334,0.0,-16.1533,52,26.9231,8.1684,0.0,-11.3423,16,25.0,0.023567,0.0003,0.0832,0.0,0.0,0.2957,0.5376
146e5f40,bear,s76|s61|s81|s29|s66,5,0.069271,0.012682,35.1802,0.0,-13.0088,62,27.4194,6.5195,0.0,-13.6353,15,26.6667,0.019552,0.0003,0.0832,0.0,0.0,0.2453,0.5376
3a6ae166,bear,s76|s13|s81,3,0.071453,0.01454,38.8571,0.0,-16.1066,70,27.1429,1.4013,0.0,-10.9523,17,23.5294,0.014734,0.0007,0.0832,0.0,0.0,0.1848,0.5376
844f6621,bear,s28|s22|s20|s76|s86,5,0.062607,0.014604,35.151,0.0,-15.976,52,32.6923,0.028,0.0,-12.0545,16,25.0,0.012464,0.0006,0.0832,0.0,0.0,0.1564,0.5376
e94158a5,bull,s95|s53|s84|s73,4,0.07875,0.012065,48.7187,0.0,-12.703,40,30.0,1.309,0.0,-12.8413,10,20.0,0.005342,0.001,0.0832,0.0,0.0,0.067,0.5376
91f4137e,bear,s98|s20|s19|s81,4,0.048302,0.015337,32.6984,0.0,-13.0566,43,41.8605,0.1461,0.0,-10.8259,13,30.7692,0.015708,0.0005,0.0832,0.0,0.0,0.1971,0.5376
08841be4,bear,s13|s85|s23|s101,4,0.052321,0.014935,21.9535,0.0,-12.524,55,34.5455,11.161,0.0,-9.4183,19,36.8421,0.048228,0.0,0.0832,0.0,0.0,0.6051,0.5376
85c8a202,bull,s83|s36,2,0.059876,0.01575,32.5685,0.0,-15.3051,49,34.6939,1.8241,0.0,-10.343,14,28.5714,0.017355,0.0004,0.0832,0.0,0.0,0.2177,0.5376
9fb43ef1,bear,s101|s85|s67|s77|s23,5,0.05737,0.01787,24.5394,0.0,-17.9259,64,34.375,15.0518,0.0,-14.6696,20,40.0,0.054479,0.0,0.0832,0.0,0.0,0.6835,0.5376
f003e3b7,bear,s67|s23|s89|s29|s13,5,0.062148,0.015889,24.6023,0.0,-9.724,56,32.1429,8.6071,0.0,-11.2905,19,31.5789,0.036212,0.0,0.0832,0.0,0.0,0.4543,0.5376
ba58ae39,bear,s13|s72|s81|s76,4,0.066927,0.012686,35.1313,0.0,-12.9073,65,27.6923,2.1301,0.0,-9.7923,17,23.5294,0.016909,0.0005,0.0832,0.0,0.0,0.2121,0.5376
e2756b27,bull,s54|s2|s79|s83,4,0.049415,0.016394,26.3909,0.0,-14.1373,51,39.2157,3.1177,0.0,-9.5222,11,36.3636,0.020459,0.0001,0.0832,0.0,0.0,0.2567,0.5376
b209694f,bull,s79|s64|s38|s83,4,0.067024,0.017773,33.1986,0.0,-15.8301,62,32.2581,2.0448,0.0,-12.4497,19,26.3158,0.018915,0.0004,0.0832,0.0,0.0,0.2373,0.5376
c6f93d2f,bear,s23|s81|s51|s101,4,0.070121,0.010548,54.6903,0.0,-6.5096,23,43.4783,25.6631,0.0,-5.4011,11,45.4545,0.049019,0.0,0.0832,0.0,0.0,0.615,0.5376
f14517e2,bear,s89|s80|s100|s51|s98,5,0.03528,0.019117,12.0858,0.0,-14.1832,50,48.0,15.2322,0.0,-5.6178,10,70.0,0.050815,0.0,3.8369,0.0,0.0,0.6375,0.5376
39e13e47,bear,s86|s20|s67|s62,4,0.064983,0.016117,38.0342,0.0,-19.844,46,34.7826,1.2765,0.0,-11.1059,19,26.3158,0.01928,0.0006,0.0832,0.0,0.0,0.2419,0.5376
9772ecbd,bear,s28|s23|s25|s13,4,0.040794,0.015331,16.3701,0.0,-11.872,74,39.1892,6.4032,0.0,-9.6676,23,39.1304,0.052441,0.0,0.0832,0.0,0.0,0.6579,0.5376
b19aac69,bear,s90|s28|s61|s13,4,0.040541,0.018131,16.8622,0.0,-10.5078,67,43.2836,2.5826,0.0,-11.2129,17,41.1765,0.034075,0.0,0.0832,0.0,0.0,0.4275,0.5376
6556918b,bear,s66|s97|s16|s86|s62,5,0.068909,0.015685,30.1588,0.0,-16.4369,53,30.1887,10.2848,0.0,-12.3401,20,30.0,0.037648,0.0,0.0832,0.0,0.0,0.4723,0.5376
7623ce5a,bear,s66|s72|s23|s25|s81,5,0.071156,0.016285,36.8873,0.0,-23.6074,86,27.907,8.4886,0.0,-14.0296,25,28.0,0.037933,0.0003,0.0832,0.0,0.0,0.4759,0.5376
fdbeef24,bull,s39|s53|s59|s73,4,0.055421,0.016581,26.2713,0.0,-15.1922,81,33.3333,7.0382,0.0,-7.0347,17,35.2941,0.038397,0.0,0.0832,0.0,0.0,0.4817,0.5376
8df4f26f,bear,s18|s76|s22|s71|s49,5,0.061223,0.013017,30.7613,0.0,-12.2131,43,32.5581,12.9484,0.0,-7.0395,13,38.4615,0.037975,0.0,0.0832,0.0,0.0,0.4764,0.5376
54c7817f,bear,s101|s23|s97|s20,4,0.063112,0.015663,25.1282,0.0,-14.0747,66,30.303,12.7462,0.0,-13.0958,21,33.3333,0.046913,0.0,0.0832,0.0,0.0,0.5886,0.5376
0e70bd62,bull,s47|s40|s2|s55,4,0.024595,0.015399,4.293,0.0,-7.3547,51,50.9804,4.1088,0.0,-5.7251,14,57.1429,0.047793,0.0,0.0832,0.0,0.0,0.5996,0.5376
a33c96b1,bear,s31|s25|s81|s76|s85,5,0.073267,0.016492,35.6147,0.0,-16.7606,76,27.6316,4.5449,0.0,-14.2032,19,26.3158,0.020717,0.0004,0.0832,0.0,0.0,0.2599,0.5376
d2f08931,bear,s29|s19|s76|s85|s81,5,0.064037,0.012929,33.3846,0.0,-15.8872,66,28.7879,7.72,0.0,-10.9253,13,30.7692,0.023507,0.0002,0.0832,0.0,0.0,0.2949,0.5376
dace4b63,bear,s100|s51|s86|s29,4,0.030223,0.013284,12.8943,0.0,-13.4462,69,44.9275,3.2976,0.0,-7.9865,21,42.8571,0.049477,0.0,0.0832,0.0,0.0,0.6207,0.5376
cbd69a4e,bear,s77|s23|s97|s25|s81,5,0.073078,0.018912,32.1891,0.0,-21.4094,75,29.3333,10.9003,0.0,-15.0044,22,31.8182,0.041379,0.0,0.0832,0.0,0.0,0.5191,0.5376
d2454478,bear,s72|s62|s13|s81|s100,5,0.068547,0.018752,33.9563,0.0,-21.8281,72,31.9444,4.9521,0.0,-17.6325,24,29.1667,0.026117,0.0003,0.0832,0.0,0.0,0.3277,0.5376
23776a77,bear,s81|s22|s50|s89,4,0.047567,0.018775,27.1911,0.0,-9.4096,37,45.9459,7.774,0.0,-9.3681,11,45.4545,0.030658,0.0,0.0832,0.0,0.0,0.3846,0.5376
b15189ce,bear,s49|s81|s31|s23|s22,5,0.053072,0.017004,21.1437,0.0,-13.088,52,36.5385,3.5303,0.0,-9.4611,21,33.3333,0.03601,0.0,0.0832,0.0,0.0,0.4518,0.5376
cd65d364,bear,s100|s62|s13,3,0.069325,0.019219,26.1647,0.0,-17.4827,56,32.1429,9.3764,0.0,-12.3612,22,31.8182,0.042186,0.0,0.0832,0.0,0.0,0.5293,0.5376
6370bc19,bear,s19|s28|s23|s76|s61,5,0.06178,0.016118,32.8648,0.0,-24.8717,98,30.6122,11.0822,0.0,-18.7108,25,32.0,0.042098,0.0,0.0832,0.0,0.0,0.5281,0.5376
4ff4cec3,bear,s66|s13|s71|s76|s25,5,0.023959,0.009201,10.4444,0.0,-6.8842,71,45.0704,0.1895,0.0,-7.9152,17,41.1765,0.034184,0.0,0.0832,0.0,0.0,0.4289,0.5376
4cacc1ae,bear,s51|s100|s86|s31,4,0.067237,0.011762,25.5849,0.0,-11.2213,52,26.9231,12.4725,0.0,-12.9522,22,27.2727,0.040855,0.0,0.0832,0.0,0.0,0.5126,0.5376
9fef1f47,bull,s59|s92|s21,3,0.070022,0.011693,35.6839,0.0,-12.7543,45,28.8889,4.3696,0.0,-6.2102,12,25.0,0.017723,0.0004,0.0832,0.0,0.0,0.2223,0.5376
e2e8e45f,bear,s72|s13|s67|s23,4,0.044097,0.015548,20.1149,0.0,-12.9615,71,38.0282,2.5664,0.0,-10.4655,20,35.0,0.033548,0.0,0.0832,0.0,0.0,0.4209,0.5376
19829eb1,bear,s31|s23|s81|s67|s13,5,0.063162,0.018695,20.0653,0.0,-11.5543,60,33.3333,9.6941,0.0,-15.9841,24,33.3333,0.043596,0.0,0.0832,0.0,0.0,0.5469,0.5376
5b535d1f,bear,s50|s81|s28|s13,4,0.045469,0.012113,23.2217,0.0,-11.6003,50,36.0,3.5142,0.0,-7.0484,12,33.3333,0.022299,0.0,0.0832,0.0,0.0,0.2798,0.5376
c721ce10,bear,s67|s81|s86|s62|s16,5,0.060743,0.011212,32.5372,0.0,-14.7836,78,26.9231,3.9967,0.0,-16.8848,30,23.3333,0.021199,0.0003,0.0832,0.0,0.0,0.266,0.5376
107d0f5a,bull,s59|s55|s73,3,0.03528,0.01671,19.1888,0.0,-8.1862,41,48.7805,4.1454,0.0,-4.0855,8,50.0,0.024692,0.0,0.0832,0.0,0.0,0.3098,0.5376
1a9a6be2,bear,s86|s66|s20|s62,4,0.065532,0.01878,33.1969,0.0,-22.1897,45,35.5556,5.9579,0.0,-12.5499,19,31.5789,0.030749,0.0002,0.0832,0.0,0.0,0.3858,0.5376
459b6359,bull,s48|s91|s14|s73,4,0.039459,0.016565,17.4445,0.0,-13.3391,75,41.3333,4.4606,0.0,-10.117,14,42.8571,0.032498,0.0,0.0832,0.0,0.0,0.4077,0.5376
764f60c3,bear,s16|s71|s37|s28,4,0.03988,0.019494,18.5605,0.0,-11.0077,40,47.5,6.5136,0.0,-5.3073,12,50.0,0.038432,0.0,0.0832,0.0,0.0,0.4822,0.5376
dd354f57,bear,s25|s81|s31|s97,4,0.059906,0.01496,31.2082,0.0,-9.949,43,34.8837,0.3179,0.0,-7.5129,11,27.2727,0.013321,0.0005,0.0832,0.0,0.0,0.1671,0.5376
15864bf0,bear,s57|s80|s67|s23|s22,5,0.054154,0.014162,25.1765,0.0,-14.9193,52,34.6154,3.6792,0.0,-10.202,16,31.25,0.024915,0.0001,0.0832,0.0,0.0,0.3126,0.5376
9dc69082,bear,s31|s62|s23|s37,4,0.039011,0.019084,21.0032,0.0,-9.7515,38,50.0,2.3231,0.0,-11.5962,14,42.8571,0.028861,0.0,0.0832,0.0,0.0,0.3621,0.5376
5c90f5a4,bear,s49|s16|s100|s62,4,0.034587,0.012203,16.5956,0.0,-9.2622,47,42.5532,1.4271,0.0,-5.7206,14,35.7143,0.026793,0.0,0.0832,0.0,0.0,0.3361,0.5376
fdfe1b1d,bear,s81|s50|s76|s89|s22,5,0.076797,0.010574,42.033,0.0,-11.8818,42,26.1905,1.15,0.0,-14.0802,17,17.6471,0.005202,0.0008,0.0832,0.0,0.0,0.0653,0.5376
3089b037,bear,s66|s71|s19|s89|s76,5,0.040178,0.012511,24.3514,0.0,-11.6422,43,41.8605,1.6894,0.0,-7.4375,11,36.3636,0.020578,0.0001,0.0832,0.0,0.0,0.2582,0.5376
4177df1e,bear,s81|s13|s31|s23,4,0.05174,0.015214,23.5827,0.0,-15.007,73,34.2466,0.9267,0.0,-12.7793,27,29.6296,0.029299,0.0002,0.0832,0.0,0.0,0.3676,0.5376
7710962d,bear,s22|s16|s23|s51|s85,5,0.064528,0.014957,34.1021,0.0,-11.4116,36,36.1111,3.2899,0.0,-9.5028,22,27.2727,0.029246,0.0004,0.0832,0.0,0.0,0.3669,0.5376
7dfabae6,bear,s81|s76|s97|s56|s13,5,0.065742,0.011351,32.4916,0.0,-14.7483,59,27.1186,2.3269,0.0,-9.1601,13,23.0769,0.013275,0.0004,0.0832,0.0,0.0,0.1665,0.5376
956e0b77,bull,s3|s47|s21|s59,4,0.076405,0.018335,35.1425,0.0,-14.0869,43,32.5581,4.7781,0.0,-9.0035,6,33.3333,0.011052,0.0004,0.0832,0.0,0.0,0.1387,0.5376
6ac71b28,bear,s23|s89|s25|s67|s22,5,0.067604,0.018703,35.0354,0.0,-13.8404,38,36.8421,2.0936,0.0,-12.2425,17,29.4118,0.02036,0.0005,0.0832,0.0,0.0,0.2554,0.5376
7a068d5a,bear,s81|s25|s28|s13|s76,5,0.049119,0.008393,26.6168,0.0,-8.8272,58,29.3103,0.9215,0.0,-10.3634,13,23.0769,0.010875,0.0003,0.0832,0.0,0.0,0.1364,0.5376
cf68f813,bear,s29|s98|s80|s28|s23,5,0.045717,0.015334,18.4696,0.0,-14.4551,55,38.1818,6.628,0.0,-12.1307,15,40.0,0.033036,0.0,0.0832,0.0,0.0,0.4145,0.5376
e57960e2,bull,s83|s79|s34|s48|s11,5,0.058688,0.018076,25.2539,0.0,-18.3309,78,33.3333,6.5454,0.0,-8.3994,14,35.7143,0.030275,0.0,0.0832,0.0,0.0,0.3798,0.5376
e1180070,bull,s83|s30|s2|s48,4,0.071672,0.01896,26.4918,0.0,-17.2873,51,31.3725,12.1789,0.0,-9.7595,10,40.0,0.027887,0.0,0.0832,0.0,0.0,0.3499,0.5376
ebf2db25,bear,s13|s23|s98|s81|s50,5,0.070456,0.017465,26.4063,0.0,-13.0463,56,30.3571,1.8831,0.0,-10.5999,15,26.6667,0.01672,0.0002,0.0832,0.0,0.0,0.2098,0.5376
13f7006e,bear,s50|s28|s31|s23,4,0.075678,0.016834,32.5155,0.0,-20.8706,48,29.1667,6.7497,0.0,-7.8155,14,28.5714,0.024995,0.0002,0.0832,0.0,0.0,0.3136,0.5376
0be80b2e,bull,s59|s47|s54|s44,4,0.04476,0.011872,23.5446,0.0,-11.5973,45,37.7778,2.9048,0.0,-5.4499,8,37.5,0.017243,0.0001,0.0832,0.0,0.0,0.2163,0.5376
8c64a3ac,bear,s80|s76|s19|s22,4,0.067654,0.016615,29.2718,0.0,-19.4279,70,30.0,3.3161,0.0,-14.2154,22,27.2727,0.023072,0.0002,0.0832,0.0,0.0,0.2895,0.5376
0de00a2c,bear,s81|s76|s13|s20,4,0.042093,0.018748,18.4986,0.0,-16.0251,48,43.75,0.1368,0.0,-12.5369,13,38.4615,0.020363,0.0,0.0832,0.0,0.0,0.2555,0.5376
59014262,bull,s95|s87|s48,3,0.054356,0.013776,22.7176,0.0,-12.6899,52,32.6923,1.7683,0.0,-7.4281,14,28.5714,0.019741,0.0001,0.0832,0.0,0.0,0.2477,0.5376
a81a09bd,bear,s81|s76|s29|s56,4,0.071616,0.017516,35.9295,0.0,-20.7108,42,33.3333,6.6967,0.0,-10.9231,9,33.3333,0.016923,0.0003,0.0832,0.0,0.0,0.2123,0.5376
537b63c5,bear,s50|s22|s66|s13,4,0.07348,0.01831,35.4533,0.0,-19.3541,41,34.1463,2.0508,0.0,-11.6146,14,28.5714,0.016541,0.0005,0.0832,0.0,0.0,0.2075,0.5376
36cbb168,bull,s92|s91|s5|s73,4,0.070425,0.01833,28.6853,0.0,-20.679,58,31.0345,10.4718,0.0,-16.423,11,36.3636,0.022376,0.0,0.0832,0.0,0.0,0.2807,0.5376
944baa4b,bear,s81|s76|s37|s49|s22,5,0.067104,0.012823,34.486,0.0,-9.941,37,32.4324,1.4391,0.0,-9.8747,13,23.0769,0.011794,0.0005,0.0832,0.0,0.0,0.148,0.5376
a1546540,bear,s22|s23|s57|s101,4,0.076217,0.018821,29.7402,0.0,-20.901,49,30.6122,2.3649,0.0,-15.3857,19,26.3158,0.016055,0.0003,0.0832,0.0,0.0,0.2014,0.5376
95a778ac,bull,s96|s83|s73|s33,4,0.079619,0.018333,31.3174,0.0,-20.1402,73,27.3973,2.6031,0.0,-14.8085,18,22.2222,0.011755,0.0004,0.0832,0.0,0.0,0.1475,0.5376
