id,direction,signals,n_signals,tp,sl,train_return,train_sharpe,train_drawdown,train_trades,train_winrate,score
f451f945,bull,s36|s93|s83|s64,4,0.0785964964,0.018276273,86.1777,0.0,-15.2448,60,35.0,0.403976
ec25b38d,bear,s85|s13|s81|s101,4,0.0674409563,0.017237304,65.8996,0.0,-12.1201,49,38.7755,0.336693
8c0beff2,bear,s81|s50|s89|s13|s67,5,0.065501943,0.0160741546,64.3352,0.0,-11.9098,46,39.1304,0.311882
d28d8e50,bear,s85|s81|s50|s28|s71,5,0.0779361968,0.0175231969,65.6846,0.0,-14.881,75,30.6667,0.310096
029f8ff5,bear,s28|s86|s22|s25|s62,5,0.06793067,0.0160922465,65.0217,0.0,-21.6256,67,34.3284,0.298195
af69157b,bull,s73|s92|s91|s33,4,0.0534350842,0.015659354,52.4662,0.0,-11.184,64,39.0625,0.2935
d05d9a45,bear,s81|s101|s66|s23|s25,5,0.0770544209,0.0150867822,66.1583,0.0,-21.5001,73,28.7671,0.286434
e3450113,bull,s41|s95|s87|s55,4,0.0703290471,0.0161368043,56.265,0.0,-14.7884,56,33.9286,0.282481
91eaca17,bull,s59|s95|s69|s73|s55,5,0.0433348926,0.0198241128,41.7761,0.0,-11.6513,53,49.0566,0.27932
08de1b45,bear,s81|s23|s71|s22|s16,5,0.0452318349,0.0133434101,43.6135,0.0,-7.4698,52,42.3077,0.278968
e954541d,bear,s28|s81|s25|s50,4,0.0759761562,0.018396124,63.038,0.0,-13.3742,43,37.2093,0.278345
1b2b5992,bull,s95|s68|s40|s75|s93,5,0.0602878971,0.0196813115,63.9039,0.0,-11.0427,38,47.3684,0.27709
6f8e1e3f,bull,s30|s40|s26,3,0.0785569539,0.0170818008,66.9246,0.0,-25.0712,123,27.6423,0.275412
081de5df,bear,s100|s19|s51|s29|s22,5,0.0448568358,0.0182771424,52.0853,0.0,-20.6877,100,43.0,0.275278
c183994b,bear,s56|s22|s76|s86,4,0.0722399159,0.0193274126,60.1839,0.0,-21.7407,47,38.2979,0.272983
f41e20b2,bear,s81|s13|s16|s28|s85,5,0.0775147575,0.0156743775,62.9936,0.0,-22.4478,75,29.3333,0.272631
979df9de,bear,s19|s81|s25|s67,4,0.0712433235,0.0161321315,53.2091,0.0,-13.6498,54,33.3333,0.271887
500ee2d8,bear,s23|s101|s77|s85,4,0.0435356047,0.0161164702,46.242,0.0,-14.519,76,43.4211,0.271674
a89bd879,bear,s81|s16|s28|s50,4,0.0571494965,0.0165134342,52.6494,0.0,-20.4418,59,38.9831,0.266221
a9793ecc,bear,s76|s50|s22|s81|s23,5,0.0619581039,0.0183860806,52.7537,0.0,-9.0734,43,41.8605,0.266063
8ddf9768,bear,s13|s100|s22|s86,4,0.0489644118,0.0195681585,43.5031,0.0,-18.2508,52,46.1538,0.257721
b38c0b3a,bull,s38|s74|s41|s83,4,0.0766585208,0.0121134654,62.1859,0.0,-20.623,128,23.4375,0.257187
d554370b,bear,s85|s77|s25|s81,4,0.0737606494,0.0193653466,50.2333,0.0,-15.4505,56,33.9286,0.256368
d350f6f3,bear,s89|s81|s100|s16|s51,5,0.0548329026,0.0154514854,46.7156,0.0,-14.5107,64,37.5,0.25583
12a61b7c,bear,s86|s13|s22|s76,4,0.0772629676,0.0190347598,64.449,0.0,-22.7899,42,38.0952,0.255118
434b88bb,bull,s40|s59|s73|s11,4,0.0370860629,0.0175266568,34.7742,0.0,-11.229,63,49.2063,0.253029
6d642f4b,bear,s13|s76|s51|s72,4,0.0330876422,0.0155649424,33.3473,0.0,-9.4634,71,49.2958,0.252886
7989a7ce,bear,s20|s29|s17|s67,4,0.0446244546,0.0152657195,45.1161,0.0,-16.0613,93,39.7849,0.251635
01757ad4,bull,s55|s40|s47|s30|s93,5,0.0764736399,0.0154322534,50.2051,0.0,-14.3589,52,30.7692,0.250051
108cb2bc,bear,s97|s29|s22|s100|s31,5,0.0692574524,0.0179357218,45.504,0.0,-13.408,51,35.2941,0.247674
98a6c5fa,bull,s74|s83|s38|s14,4,0.0793656653,0.0177836717,58.7964,0.0,-24.0913,107,28.0374,0.247024
345bdb1d,bull,s11|s91|s73|s63,4,0.044367167,0.0174914523,35.522,0.0,-10.2357,59,44.0678,0.243584
06f7a98d,bear,s23|s51|s18|s85|s22,5,0.0412036928,0.0179409411,38.8695,0.0,-12.9947,45,51.1111,0.242844
286987be,bear,s72|s85|s81|s23|s89,5,0.0753122521,0.0107064946,48.7727,0.0,-11.9213,51,27.451,0.24168
c64f2e0a,bull,s15|s88|s79|s83,4,0.0725828828,0.0182912625,49.334,0.0,-18.1341,61,32.7869,0.241294
d7157753,bull,s47|s83|s24,3,0.0502780317,0.0176304639,47.6604,0.0,-21.5072,108,37.963,0.240009
a43c445d,bear,s16|s86|s62|s22,4,0.060466029,0.0132422113,50.4787,0.0,-18.9011,76,31.5789,0.239948
0b9a584a,bear,s72|s23|s25|s98,4,0.061640513,0.0155896893,46.1491,0.0,-15.3299,75,33.3333,0.238607
288d0a88,bull,s69|s59|s40|s73,4,0.0417935138,0.0188327444,32.1917,0.0,-11.5162,50,48.0,0.238218
06959e50,bull,s75|s30|s63|s21,4,0.0490037831,0.012432316,39.6131,0.0,-10.2841,63,36.5079,0.237124
7293a1b0,bear,s97|s13|s76|s19|s81,5,0.0488738801,0.0144115083,41.2355,0.0,-14.1886,68,38.2353,0.237082
d6b834ef,bear,s67|s77|s23|s81|s25,5,0.0789080464,0.0182978066,50.2786,0.0,-17.6206,68,29.4118,0.236488
2f8e4551,bull,s92|s21|s54|s59|s7,5,0.0785249346,0.0152248055,55.0356,0.0,-23.2232,70,28.5714,0.236187
b2985937,bear,s81|s76|s13|s16,4,0.073975127,0.0150688636,45.9369,0.0,-12.7419,50,30.0,0.235522
42ba7a4a,bull,s87|s24|s55|s59,4,0.0298343601,0.0196412209,24.1875,0.0,-9.1291,48,58.3333,0.234588
1087776e,bull,s69|s73|s83|s91,4,0.0500223513,0.0171330696,40.4018,0.0,-15.3846,68,39.7059,0.234571
1022cb9b,bear,s29|s23|s100|s20,4,0.0461493831,0.0177630697,38.057,0.0,-14.0971,87,41.3793,0.234075
9c35ce3c,bull,s75|s40|s93|s46,4,0.0532057384,0.016226326,41.5845,0.0,-17.088,53,39.6226,0.233942
4988c5da,bear,s23|s101,2,0.0416913761,0.015467702,36.764,0.0,-13.9579,75,42.6667,0.233182
47fd70cb,bull,s58|s47|s83|s32,4,0.0464356653,0.0190709254,43.8236,0.0,-23.4597,92,42.3913,0.232089
98b210a6,bear,s13|s81,2,0.052694694,0.0196787497,42.02,0.0,-9.1902,42,45.2381,0.232028
dc59eb4b,bear,s13|s62|s67|s100|s19,5,0.0384960668,0.018663746,31.0544,0.0,-13.8097,49,51.0204,0.231133
ac995a38,bull,s84|s55|s3|s73,4,0.0480522617,0.0170137132,37.3562,0.0,-15.1492,57,42.1053,0.230293
8a1037b0,bear,s100|s17|s62,3,0.0300004687,0.0193654852,26.6596,0.0,-11.2201,46,58.6957,0.22914
ed07d335,bull,s78|s59|s69|s21,4,0.0604525777,0.0120988675,50.6059,0.0,-18.8361,123,27.6423,0.228842
b55e5610,bull,s68|s3|s94|s48,4,0.0615904793,0.0178417474,37.7382,0.0,-10.907,52,36.5385,0.227847
f95dd4d0,bear,s13|s85|s20|s89,4,0.0301415887,0.0156081063,23.9801,0.0,-8.0739,54,51.8519,0.227254
08446a18,bull,s79|s6|s59|s74,4,0.0695838635,0.0120206825,49.3592,0.0,-16.7488,79,26.5823,0.226937
957990e0,bear,s23|s72|s29|s98,4,0.0455193962,0.014822593,35.1459,0.0,-12.2065,61,40.9836,0.226915
0b61f7d7,bull,s58|s6|s83|s79,4,0.0376895947,0.0111691889,32.4236,0.0,-10.1948,54,42.5926,0.226888
5cc1cc56,bull,s73|s91,2,0.0762669089,0.0196979872,47.294,0.0,-20.2331,58,32.7586,0.226752
08a3b91d,bull,s73|s70|s95|s92|s87,5,0.0775891795,0.0114057524,44.3494,0.0,-8.7546,60,25.0,0.226134
63a663e2,bear,s28|s23|s101|s61,4,0.0613717232,0.0164331034,42.2696,0.0,-15.4589,67,34.3284,0.225687
8d8cd898,bear,s76|s29|s61|s81,4,0.0752123839,0.0165308219,44.5612,0.0,-15.2729,55,30.9091,0.225153
fb94f9c5,bear,s67|s22|s86|s72,4,0.0675608103,0.0194116088,55.4948,0.0,-17.4383,38,42.1053,0.224945
58546ef2,bull,s55|s63|s32|s78,4,0.0557012617,0.018298786,41.5445,0.0,-17.5976,78,37.1795,0.224924
db94a12b,bear,s81|s100|s13|s28|s50,5,0.0598742207,0.0143743726,39.8337,0.0,-12.3299,56,33.9286,0.224131
483f2bb6,bull,s36|s63|s83,3,0.053529925,0.0166050041,37.0952,0.0,-14.4261,51,39.2157,0.22275
0efbb546,bear,s25|s67|s81,3,0.0676674683,0.016753295,40.8416,0.0,-13.9478,54,33.3333,0.221523
9d574c2e,bull,s79|s83|s54,3,0.0790942706,0.0189946459,44.2906,0.0,-15.5949,66,30.303,0.221287
3890f541,bull,s53|s43|s63|s21,4,0.0315427014,0.0196130697,25.2846,0.0,-10.3373,45,57.7778,0.219114
ce5af4b0,bear,s67|s50|s25|s81,4,0.0708704357,0.0188207857,61.7873,0.0,-12.1536,32,43.75,0.218841
7f0b758b,bull,s73|s6|s79|s58,4,0.0408882442,0.0175387039,33.0891,0.0,-14.1522,96,42.7083,0.218025
0ba0bf7e,bear,s101|s23|s28|s77,4,0.0670680464,0.0196006996,45.315,0.0,-21.0846,75,33.3333,0.218006
52615e1e,bear,s81|s13|s67,3,0.055367677,0.0195935841,41.0768,0.0,-10.0585,41,43.9024,0.217988
57ebee79,bear,s29|s61|s100|s66|s51,5,0.0257705764,0.0149156024,27.6861,0.0,-18.1617,97,53.6082,0.217084
46d6b671,bull,s53|s59|s1|s47,4,0.0352809,0.0133962335,30.9524,0.0,-13.0067,75,44.0,0.21679
9fd16607,bull,s33|s45|s4|s21,4,0.0794539821,0.014056439,53.6525,0.0,-23.1344,135,23.7037,0.216318
9ab0c0d7,bear,s29|s101|s85|s81,4,0.0516520196,0.0185428674,36.7214,0.0,-14.8933,47,42.5532,0.216073
56887d4c,bull,s48|s96|s34|s93,4,0.0582488612,0.0102908809,45.95,0.0,-12.4795,43,34.8837,0.215871
1e099d15,bear,s25|s100|s62|s13,4,0.037845189,0.0166542657,26.3394,0.0,-10.6277,55,47.2727,0.215293
8a34061a,bull,s44|s74|s87|s93,4,0.0536700437,0.0186517044,42.7627,0.0,-22.5089,100,37.0,0.214524
a7666b99,bull,s87|s74|s9|s63,4,0.0590458445,0.0138703978,49.5241,0.0,-24.9568,112,30.3571,0.214297
9c0b0fa0,bear,s29|s20|s66|s98|s100,5,0.0325804034,0.0161793237,23.4282,0.0,-10.9035,53,50.9434,0.213832
3a14d002,bear,s76|s80|s98|s37|s71,5,0.0647121277,0.0174247428,37.5157,0.0,-11.3933,48,35.4167,0.213248
d3adc8d0,bear,s86|s66|s22,3,0.052637357,0.0182537638,41.2901,0.0,-16.7264,43,44.186,0.212884
b512e11a,bear,s52|s71|s56|s76,4,0.0586946474,0.0144693238,36.4366,0.0,-11.6833,53,33.9623,0.212583
1897565c,bear,s76|s22|s16|s51|s89,5,0.0289472301,0.0184692166,21.8242,0.0,-12.7838,66,54.5455,0.212582
5306d34c,bear,s49|s57|s37|s66|s80,5,0.0424364489,0.013429843,34.362,0.0,-13.1204,92,38.0435,0.212217
19b02801,bear,s81|s51|s89|s98|s20,5,0.0301998707,0.0182601329,28.2249,0.0,-9.3313,40,60.0,0.211925
9647bd15,bear,s22|s62|s20|s86,4,0.0509291323,0.0152000443,40.3424,0.0,-19.9889,79,36.7089,0.21153
7382dd68,bull,s63|s54|s38,3,0.031328031,0.0189010857,23.7166,0.0,-15.1906,63,53.9683,0.211199
411d190d,bear,s100|s16|s61|s51|s67,5,0.0497135591,0.014669713,42.3604,0.0,-21.097,115,34.7826,0.210498
bfa1a985,bull,s21|s40|s93|s6,4,0.0770593548,0.0154822389,47.879,0.0,-22.2199,76,27.6316,0.207751
fbf2243a,bear,s86|s13|s22|s66,4,0.074479657,0.0172304707,63.8072,0.0,-13.0195,30,43.3333,0.207702
e4ce0b65,bear,s62|s28|s100,3,0.03534135,0.0163226232,24.6671,0.0,-10.8892,64,46.875,0.206626
0cbbd933,bear,s62|s16|s86|s67,4,0.0445242916,0.0164824107,29.1543,0.0,-12.9962,54,42.5926,0.205406
37007dd6,bear,s72|s89|s13|s97,4,0.0293951034,0.0152166453,21.4571,0.0,-10.2014,62,50.0,0.205224
fe8bdd19,bear,s13|s76|s51|s61|s100,5,0.0351783508,0.0164973908,29.1369,0.0,-16.0357,101,45.5446,0.205074
60a2a941,bear,s76|s98|s51|s16|s37,5,0.0421454563,0.0198363763,26.8521,0.0,-13.5388,61,45.9016,0.204497
7b6375dc,bull,s48|s88|s33|s68,4,0.0403700781,0.0139303033,33.4426,0.0,-17.3147,76,40.7895,0.204195
99507538,bear,s61|s23|s89|s29,4,0.070175345,0.0138412943,44.7137,0.0,-19.6492,82,28.0488,0.204054
6bb4ccaf,bear,s13|s22|s86|s51,4,0.0738123197,0.0190380701,47.5859,0.0,-23.4409,45,35.5556,0.204019
3aedf15d,bear,s29|s28|s61|s22|s85,5,0.0762791278,0.012718034,44.1706,0.0,-18.3324,55,27.2727,0.203503
e3c1b767,bull,s94|s68|s40|s48,4,0.068387194,0.0184796337,53.878,0.0,-11.4958,33,42.4242,0.203476
f48168e5,bear,s71|s28|s16|s98|s29,5,0.0445552029,0.0130507479,34.2715,0.0,-15.2812,75,37.3333,0.203242
a91ebb94,bear,s81|s25|s89|s97|s37,5,0.0702364055,0.0176983441,41.0729,0.0,-17.665,82,30.4878,0.20276
1e2527c3,bear,s100|s18|s62|s66,4,0.0330850234,0.0122058442,30.1176,0.0,-9.0235,41,51.2195,0.202588
bce20f00,bear,s97|s101|s37|s71,4,0.0607474895,0.0118780295,38.4826,0.0,-14.3401,59,30.5085,0.202436
cf79ba7b,bear,s71|s81|s16|s29|s23,5,0.0757738172,0.0181769525,45.8032,0.0,-22.5151,83,28.9157,0.202415
bbdfa41c,bull,s53|s21|s48,3,0.0336228226,0.0192431767,24.7811,0.0,-16.3002,77,50.6494,0.202172
9e9d3b45,bull,s93|s83|s69,3,0.0442215263,0.0199139342,27.3861,0.0,-13.7777,56,44.6429,0.20214
f4d76c9e,bear,s62|s100|s85,3,0.032308037,0.0114582278,27.2859,0.0,-10.5441,45,48.8889,0.20176
5a332300,bear,s23|s57|s97|s22|s50,5,0.0684958053,0.019081272,39.923,0.0,-18.6172,48,35.4167,0.201687
1e3be0b9,bear,s81|s61|s51|s20|s100,5,0.0375568786,0.0136449633,34.3504,0.0,-17.8163,153,39.2157,0.2016
c9cf76ee,bull,s91|s73|s92,3,0.0514424855,0.0154164359,32.8885,0.0,-12.4009,73,35.6164,0.201201
d00bc678,bull,s54|s7|s59|s21,4,0.070533285,0.0146584594,44.4339,0.0,-21.3602,72,29.1667,0.201155
173e0afd,bull,s59|s48|s21|s70,4,0.0667012345,0.0121356719,38.962,0.0,-14.3267,51,29.4118,0.201103
471522fd,bear,s80|s25|s23|s67,4,0.0414133306,0.0195273327,23.3374,0.0,-11.0249,58,46.5517,0.19993
922d73be,bear,s67|s13|s61|s81,4,0.056439551,0.0186360408,40.0837,0.0,-13.0338,40,42.5,0.198987
564438fb,bear,s22|s67|s86|s18,4,0.0516368358,0.0186475741,37.2953,0.0,-16.8895,43,44.186,0.198721
743bcc51,bull,s79|s47|s83|s41|s55,5,0.0503957749,0.0144430453,34.7131,0.0,-16.5795,63,36.5079,0.198638
25b9b77e,bull,s92|s53|s82|s38,4,0.060917849,0.0188411401,35.8375,0.0,-16.8902,71,35.2113,0.198313
bd3eb041,bull,s83|s9|s59|s95|s54,5,0.0564455719,0.0109830777,35.6592,0.0,-12.6724,58,31.0345,0.197723
1873c164,bear,s66|s101|s25|s81,4,0.0712835218,0.0137843203,43.0031,0.0,-14.3232,44,31.8182,0.197558
e94158a5,bull,s95|s53|s84|s73,4,0.0787496674,0.0120645367,48.7187,0.0,-12.703,40,30.0,0.197413
181d2649,bull,s73|s95|s87,3,0.0739520725,0.012874326,36.5218,0.0,-9.1829,61,26.2295,0.197227
202770da,bear,s18|s62|s23|s100|s66,5,0.0225814984,0.0135102297,14.4518,0.0,-9.954,57,56.1404,0.196366
39f5f970,bear,s61|s18|s100|s66,4,0.0538325041,0.0129404633,43.3315,0.0,-24.1176,104,31.7308,0.196166
39094614,bull,s12|s83|s11|s73,4,0.0676324876,0.0157340276,36.658,0.0,-14.1525,62,30.6452,0.19611
5a32e1d6,bear,s29|s25|s76|s23|s81,5,0.0767952942,0.0135833687,45.6009,0.0,-21.4076,81,25.9259,0.195959
0a20b01e,bull,s48|s83|s36,3,0.079115264,0.0179924367,40.8894,0.0,-18.584,65,29.2308,0.195498
6eaee686,bear,s85|s101|s20|s23,4,0.0453715865,0.0161962218,29.939,0.0,-15.2677,67,40.2985,0.194848
11ab794b,bull,s74|s92|s30|s21,4,0.0625701929,0.0164349971,35.896,0.0,-15.3329,71,32.3944,0.194769
72a8843b,bear,s67|s51|s17|s89|s20,5,0.0348237814,0.0146788906,21.8043,0.0,-10.0633,57,45.614,0.193869
3089274f,bull,s75|s7|s40|s59,4,0.0794751353,0.0198163528,40.6802,0.0,-19.2559,85,29.4118,0.193188
cb2f10f9,bear,s29|s100|s50|s22|s97,5,0.0264577717,0.0172198901,15.2866,0.0,-10.2876,72,54.1667,0.192784
6f273b02,bear,s85|s20|s81|s90|s17,5,0.072364461,0.0172293868,37.0526,0.0,-15.5091,66,30.303,0.192592
e8c22fb5,bull,s88|s36|s63|s83,4,0.0674150472,0.0170521614,46.7353,0.0,-12.3792,36,38.8889,0.191859
e25b18b1,bull,s21|s54|s59|s36,4,0.0629948962,0.0157001448,35.9042,0.0,-15.8188,69,31.8841,0.191813
0f624cf4,bear,s23|s76|s80|s20|s67,5,0.0402855818,0.0150868492,30.1568,0.0,-17.2158,88,40.9091,0.191707
45dedff6,bull,s68|s40|s48|s83|s9,5,0.0615633887,0.016635625,31.7525,0.0,-12.5714,53,33.9623,0.191183
2c6355d3,bear,s62|s28|s22|s31|s86,5,0.0518833292,0.0164981537,29.8251,0.0,-14.0191,58,37.931,0.191036
0efaec10,bear,s19|s66|s25|s81,4,0.0651192121,0.0159323133,34.2235,0.0,-14.1459,56,32.1429,0.190885
844f6621,bear,s28|s22|s20|s76|s86,5,0.0626074021,0.0146035502,35.151,0.0,-15.976,52,32.6923,0.190753
00ffe125,bull,s24|s21|s79|s83,4,0.0450503174,0.0190824563,43.3428,0.0,-8.5381,30,56.6667,0.190654
707386f7,bear,s67|s71|s18|s76|s81,5,0.0772461192,0.0155982423,41.8724,0.0,-13.1997,44,29.5455,0.190544
7f116cce,bull,s21|s92|s43|s35,4,0.0766359744,0.0121118611,52.3867,0.0,-28.8047,138,22.4638,0.190524
a73578d6,bear,s22|s29|s86|s71,4,0.0558122026,0.0175964114,32.2356,0.0,-17.9621,52,38.4615,0.190441
20a3e52f,bear,s50|s81|s22|s13|s67,5,0.0701325584,0.0188994118,35.0687,0.0,-16.6171,51,33.3333,0.190423
91380570,bear,s51|s80|s66|s23|s101,5,0.074300182,0.0158426473,40.7157,0.0,-18.7865,72,27.7778,0.189837
dd5465a1,bear,s37|s13|s28|s71|s23,5,0.043347174,0.0180310278,29.1325,0.0,-11.8805,43,46.5116,0.189564
71267670,bear,s100|s50|s29|s22,4,0.0572101525,0.0180490055,32.4237,0.0,-17.7818,53,37.7358,0.189557
25bca337,bull,s40|s36|s55|s47,4,0.0304234631,0.0196147606,15.8964,0.0,-10.3212,67,52.2388,0.189338
ca1e854c,bear,s17|s62|s100|s52,4,0.0333709904,0.0181814541,39.6003,0.0,-8.0206,28,67.8571,0.18923
99ccbafd,bull,s83|s2|s79|s59,4,0.0345937685,0.0181536528,28.9695,0.0,-10.1481,37,56.7568,0.189221
19e07067,bear,s101|s66|s51|s85|s80,5,0.0362411826,0.0141734927,21.2223,0.0,-8.6278,60,43.3333,0.189006
38c5344f,bear,s86|s67|s31|s22,4,0.0751363859,0.018563058,58.6984,0.0,-18.6654,31,41.9355,0.188854
69355214,bear,s51|s61|s85|s89|s81,5,0.0741563842,0.0121747035,39.2937,0.0,-15.7999,57,26.3158,0.188723
3a6ae166,bear,s76|s13|s81,3,0.071452592,0.0145403707,38.8571,0.0,-16.1066,70,27.1429,0.188537
eb077d47,bear,s77|s81|s20|s23|s85,5,0.0751038991,0.0170787731,39.8774,0.0,-18.4176,75,28.0,0.188257
b8b0e0ef,bull,s83|s79|s74|s6,4,0.0695635998,0.0135407419,36.6273,0.0,-11.2043,46,30.4348,0.187865
a4aa1e63,bull,s75|s79|s21|s54,4,0.0580396427,0.01862282,36.5003,0.0,-14.7753,42,40.4762,0.187407
eea9f5f2,bear,s57|s17|s37|s23,4,0.045288775,0.0153015882,27.2815,0.0,-12.297,73,38.3562,0.187304
09b2453c,bear,s71|s100|s67|s86|s29,5,0.0670335251,0.0190171654,36.9512,0.0,-22.0656,54,35.1852,0.187164
40b362ca,bear,s20|s51|s66|s90|s57,5,0.0258852168,0.0128485015,14.895,0.0,-7.5651,62,50.0,0.186885
91f4137e,bear,s98|s20|s19|s81,4,0.0483016583,0.0153373388,32.6984,0.0,-13.0566,43,41.8605,0.186797
6ec1a1cb,bear,s25|s19|s23|s81,4,0.0748060201,0.0153349626,41.6478,0.0,-20.149,82,26.8293,0.186632
3e35e6a3,bear,s23|s25|s81|s77,4,0.0737078774,0.0131261746,40.4926,0.0,-16.7993,80,25.0,0.186573
8af95141,bear,s13|s22|s86|s67|s71,5,0.0703542268,0.0120657644,38.4219,0.0,-15.6413,48,29.1667,0.186493
625e6038,bear,s81|s56|s13|s76,4,0.048104028,0.0119647209,29.2847,0.0,-11.3481,61,34.4262,0.186373
ab63a6c8,bear,s20|s66|s71|s23|s22,5,0.03919085,0.0149307321,33.455,0.0,-7.3264,35,51.4286,0.186289
1830f835,bear,s62|s22|s100,3,0.0224562132,0.0118938311,16.117,0.0,-7.75,44,56.8182,0.186272
76c5f99a,bull,s39|s38|s74|s63,4,0.0693287957,0.0128068371,45.7921,0.0,-24.1799,123,25.2033,0.186239
8cfa9e8d,bear,s22|s100|s31|s86,4,0.0456410891,0.0186808116,29.609,0.0,-21.0209,62,43.5484,0.186019
21b1e3e1,bull,s7|s87|s48|s95,4,0.051684337,0.0149489247,28.8237,0.0,-13.1318,52,36.5385,0.185515
bddd3747,bear,s18|s100|s62|s13|s66,5,0.0569919097,0.0194118179,34.0869,0.0,-21.6902,58,37.931,0.18507
e7ab4e47,bear,s81|s13|s51|s19,4,0.0656700481,0.0153606571,33.304,0.0,-13.899,61,31.1475,0.184962
ba58ae39,bear,s13|s72|s81|s76,4,0.0669266409,0.0126863148,35.1313,0.0,-12.9073,65,27.6923,0.18488
85c8a202,bull,s83|s36,2,0.0598759024,0.0157503213,32.5685,0.0,-15.3051,49,34.6939,0.184672
8855a1ef,bear,s66|s19|s13|s81,4,0.0495961184,0.0171145307,35.0086,0.0,-10.4912,38,44.7368,0.184506
b907492c,bull,s47|s79|s30|s75,4,0.0441965031,0.0145807229,31.9479,0.0,-19.2271,84,38.0952,0.184396
dcb5d0f4,bear,s29|s101|s66|s23,4,0.0422437257,0.0141563686,24.0067,0.0,-11.7596,51,41.1765,0.184277
0586acad,bull,s93|s79|s55|s3|s68,5,0.0566455435,0.0198949373,38.7418,0.0,-10.8292,36,44.4444,0.184185
146e5f40,bear,s76|s61|s81|s29|s66,5,0.0692706571,0.0126822716,35.1802,0.0,-13.0088,62,27.4194,0.183953
32d24553,bear,s66|s80|s76|s71|s37,5,0.0545217822,0.0128269031,31.5335,0.0,-14.8031,53,33.9623,0.183612
81af0d8b,bear,s51|s20|s89|s57|s81,5,0.0638623134,0.0161080432,36.7717,0.0,-20.137,65,32.3077,0.183599
7d62112b,bear,s23|s29|s61|s89|s66,5,0.0658482344,0.0195219735,37.5589,0.0,-23.2423,73,34.2466,0.183249
10b2dd7a,bear,s100|s61|s52|s76,4,0.0351921145,0.0160273198,25.2303,0.0,-16.29,117,43.5897,0.18282
2418592b,bear,s71|s61|s81|s89,4,0.0456764307,0.018430926,23.2926,0.0,-12.1636,50,42.0,0.18268
3e1234ec,bear,s97|s72|s16|s81,4,0.0692164491,0.0186219232,35.3908,0.0,-17.2994,71,30.9859,0.182623
b209694f,bull,s79|s64|s38|s83,4,0.0670242227,0.0177734593,33.1986,0.0,-15.8301,62,32.2581,0.182078
49574771,bull,s54|s96|s59|s68,4,0.0394867802,0.0198878676,21.3121,0.0,-13.9978,67,46.2687,0.182061
c7da63ed,bear,s50|s81|s66|s25,4,0.0586472168,0.0177161848,38.5122,0.0,-9.0409,36,41.6667,0.181387
f3a18705,bear,s37|s22|s50|s97,4,0.0293513854,0.0172320957,16.2717,0.0,-14.2262,51,52.9412,0.181232
39e13e47,bear,s86|s20|s67|s62,4,0.06498275,0.0161168649,38.0342,0.0,-19.844,46,34.7826,0.181196
2b2ae08b,bull,s6|s79|s83|s3|s63,5,0.0614724323,0.0176685939,29.4396,0.0,-13.4849,52,34.6154,0.18115
073f0c00,bull,s95|s93|s87,3,0.0720092703,0.0129890127,38.1298,0.0,-11.8581,44,29.5455,0.180912
c7268b73,bear,s25|s52|s100|s28|s62,5,0.0373229289,0.0176885842,25.1082,0.0,-17.4062,104,44.2308,0.180907
80b66e39,bear,s13|s89|s50|s81,4,0.0671422563,0.0098823015,37.1334,0.0,-16.1533,52,26.9231,0.180843
e76598b2,bear,s66|s101|s13|s81,4,0.0545481838,0.0193799562,38.9541,0.0,-11.5426,35,45.7143,0.180832
e2756b27,bull,s54|s2|s79|s83,4,0.0494148081,0.0163944376,26.3909,0.0,-14.1373,51,39.2157,0.180799
4b0feb70,bull,s47|s87|s75|s55,4,0.0386991921,0.0150281453,28.6237,0.0,-9.8423,39,48.7179,0.180275
02725a4c,bear,s29|s66|s100|s51|s25,5,0.0380918,0.0154077379,25.5669,0.0,-16.7715,82,42.6829,0.180002
88404281,bear,s67|s25|s81|s101,4,0.0687857947,0.0140859555,38.0304,0.0,-14.373,44,31.8182,0.179922
b512b6b3,bull,s44|s95|s63|s11,4,0.0511965407,0.0132139405,28.4428,0.0,-10.4542,77,32.4675,0.179811
6aa2e354,bear,s37|s67|s23|s100|s50,5,0.0321761967,0.017340117,19.1038,0.0,-15.599,58,50.0,0.179618
04ab42d7,bull,s40|s6|s93|s59,4,0.0364459526,0.0168647427,24.4364,0.0,-7.8238,40,50.0,0.179419
9af63b0a,bear,s76|s13|s20|s89,4,0.025491856,0.0140737256,15.7029,0.0,-11.2765,84,50.0,0.178982
c7f015ce,bear,s76|s81|s29|s72|s23,5,0.062536331,0.0170692171,37.2073,0.0,-21.9284,91,31.8681,0.178648
be2cc92f,bear,s61|s100|s16|s67,4,0.0380675826,0.0178109423,24.8484,0.0,-18.6351,80,45.0,0.178488
2e51651e,bull,s95|s75|s83|s60,4,0.0282171788,0.0178430229,14.9109,0.0,-14.2881,52,53.8462,0.178318
9c170a62,bear,s20|s76|s71|s37,4,0.079186515,0.0199844061,34.8161,0.0,-16.3933,49,30.6122,0.178283
308bb82e,bear,s13|s81|s19|s51|s100,5,0.0772283632,0.0123102453,38.2862,0.0,-16.6857,68,25.0,0.178088
81b2d8e6,bear,s50|s22|s66|s37,4,0.0219871194,0.01285489,11.2847,0.0,-10.163,57,54.386,0.177808
3049f0d8,bull,s79|s47|s92|s3|s83,5,0.0474633181,0.0178401919,27.5715,0.0,-8.5308,41,43.9024,0.177449
1ab0830d,bull,s53|s21|s63,3,0.03807744,0.0197867248,16.5506,0.0,-9.6046,60,46.6667,0.177389
fdfe1b1d,bear,s81|s50|s76|s89|s22,5,0.0767974822,0.0105738695,42.033,0.0,-11.8818,42,26.1905,0.177289
49032c4c,bear,s51|s77|s66|s22|s86,5,0.028086704,0.0143584904,17.9689,0.0,-13.8681,88,48.8636,0.176862
cc0ff810,bear,s28|s23|s20|s101,4,0.0455250836,0.0190175157,24.9747,0.0,-16.8037,66,42.4242,0.17676
7e4321e4,bull,s73|s43|s24|s68,4,0.0512240405,0.0137446018,30.8835,0.0,-13.8731,114,31.5789,0.176651
e637adde,bear,s28|s16|s81|s51|s22,5,0.0497607902,0.0194816846,32.1375,0.0,-9.2958,37,45.9459,0.17649
161f51a5,bear,s66|s25|s81|s22|s86,5,0.0711270089,0.0195674318,37.7859,0.0,-25.57,53,33.9623,0.176321
000ed77b,bear,s66|s71|s16|s37,4,0.0714805281,0.0158833798,51.275,0.0,-10.4431,30,40.0,0.176262
19e68885,bear,s51|s20|s17|s89,4,0.0520962981,0.0183347273,24.6792,0.0,-11.4116,48,39.5833,0.175903
d2f497bd,bear,s23|s19|s28|s50|s66,5,0.04146959,0.0180608539,21.7963,0.0,-13.7694,67,43.2836,0.175728
c1e781bf,bear,s89|s81|s13|s57,4,0.0244171529,0.0097278826,14.1124,0.0,-5.459,47,48.9362,0.175668
ca57753b,bear,s62|s18|s22|s100|s49,5,0.047362218,0.0172869411,29.5313,0.0,-22.005,56,41.0714,0.175324
702a165c,bear,s86|s13|s22|s67,4,0.0739141363,0.0158440182,50.6734,0.0,-12.0814,31,38.7097,0.175199
dfec9543,bull,s73|s63|s91,3,0.0398428041,0.0185431175,20.7176,0.0,-13.342,68,44.1176,0.175197
a33c96b1,bear,s31|s25|s81|s76|s85,5,0.0732666076,0.0164917329,35.6147,0.0,-16.7606,76,27.6316,0.175072
d0a5c188,bear,s25|s97|s86|s22|s71,5,0.0575071798,0.0194642706,33.6437,0.0,-23.0076,74,36.4865,0.175012
24850bec,bear,s13|s85|s81|s76|s31,5,0.0581040013,0.0169077092,30.5091,0.0,-16.739,64,34.375,0.174944
441f9ee3,bear,s22|s86|s67|s51|s13,5,0.0660964448,0.0154664292,36.1206,0.0,-20.7816,48,33.3333,0.174852
5173bd43,bear,s90|s13|s31|s23,4,0.0773128977,0.0183117592,32.9874,0.0,-13.8998,47,31.9149,0.174835
985c5bd7,bull,s53|s63|s21|s5,4,0.0338052827,0.014681366,21.468,0.0,-9.7943,43,48.8372,0.174581
07370e3d,bull,s38|s74|s91|s45,4,0.0723577519,0.0168290238,39.201,0.0,-22.2344,96,28.125,0.174476
2cfdf7ac,bull,s83|s47|s3|s44,4,0.033000805,0.0154774771,20.5881,0.0,-15.499,78,46.1538,0.174317
0e4e7686,bull,s54|s34|s21|s94,4,0.079715916,0.0172077931,43.2282,0.0,-25.9506,106,26.4151,0.174306
23e55612,bear,s23|s81|s57|s22|s50,5,0.0762287504,0.0087939572,38.7587,0.0,-15.8336,63,22.2222,0.174201
e0185495,bear,s71|s86|s22|s19,4,0.0741809841,0.0154547454,39.4047,0.0,-23.4411,66,28.7879,0.173659
a4969dae,bear,s67|s81|s76|s13|s56,5,0.0659982279,0.0142650542,32.7402,0.0,-15.6113,57,29.8246,0.173601
63bf3bcc,bear,s77|s66|s51|s13,4,0.0313118604,0.0109059472,19.4408,0.0,-5.2376,43,46.5116,0.173363
77d91dcf,bull,s53|s35|s59|s95|s63,5,0.074037471,0.0133201495,33.4376,0.0,-13.0926,61,26.2295,0.173161
f28d7705,bear,s86|s49|s16|s62,4,0.0602666881,0.0120916114,33.707,0.0,-16.6922,68,29.4118,0.172987
6dbda851,bear,s25|s23|s62|s98|s86,5,0.0661989217,0.0162960833,39.4758,0.0,-25.5293,72,30.5556,0.172982
5da2cc2f,bear,s81|s51|s20|s89,4,0.036687628,0.0186804425,34.135,0.0,-9.4589,30,60.0,0.172898
f08bc78f,bear,s81|s66|s98|s56|s13,5,0.0469421564,0.0168809122,26.9956,0.0,-10.2701,42,42.8571,0.172824
9b0e1fd6,bear,s90|s85|s81|s51,4,0.0703156612,0.0155461224,32.0457,0.0,-15.3627,53,30.1887,0.172661
cbbc6ed0,bull,s95|s38|s12|s87,4,0.0701082378,0.0150144875,33.5185,0.0,-15.9449,66,28.7879,0.172603
011056b8,bear,s23|s98|s77|s25,4,0.061110043,0.0140433059,37.4455,0.0,-23.4225,71,30.9859,0.172472
d2f08931,bear,s29|s19|s76|s85|s81,5,0.0640365048,0.0129294914,33.3846,0.0,-15.8872,66,28.7879,0.172241
70caf61d,bear,s101|s81|s76|s13,4,0.0401761946,0.0189684376,21.5094,0.0,-15.1565,73,43.8356,0.172075
9fef1f47,bull,s59|s92|s21,3,0.0700219369,0.0116930638,35.6839,0.0,-12.7543,45,28.8889,0.172025
b78d7668,bear,s57|s76|s81|s22|s50,5,0.0269908448,0.0139215572,15.3054,0.0,-13.0759,66,50.0,0.171994
8e8e8495,bull,s21|s53|s94|s83,4,0.0337826031,0.0157157372,20.2493,0.0,-8.7529,42,50.0,0.17198
33a69fa0,bear,s61|s100|s49|s16,4,0.0359797646,0.0127038234,26.3944,0.0,-17.9209,105,40.0,0.171815
dd354f57,bear,s25|s81|s31|s97,4,0.0599058405,0.0149604379,31.2082,0.0,-9.949,43,34.8837,0.171688
2226eb98,bear,s20|s49|s100|s61,4,0.0414200138,0.0135243376,29.8031,0.0,-20.1348,101,37.6238,0.171679
da987753,bear,s67|s37|s71|s101,4,0.0521914608,0.0155403898,26.3947,0.0,-14.5533,52,36.5385,0.171534
875af5df,bear,s62|s71|s51|s86|s81,5,0.0430535476,0.0160437319,20.1924,0.0,-11.0685,51,41.1765,0.171094
0c9d75c9,bear,s37|s20|s67|s71|s76,5,0.0683270423,0.0175039157,29.9827,0.0,-15.0509,53,32.0755,0.171005
621948e2,bear,s86|s72|s66|s22,4,0.0528000159,0.0154360022,29.5558,0.0,-13.2815,44,38.6364,0.170973
c65436f5,bull,s75|s30|s79|s95,4,0.037540178,0.0164912976,21.3992,0.0,-14.9977,76,43.4211,0.170867
ac5255c5,bull,s93|s55|s78|s38|s74,5,0.0705505767,0.0123387656,37.6566,0.0,-17.5531,103,24.2718,0.170783
bbc993cb,bear,s52|s62|s76|s100|s66,5,0.0259181749,0.0158182098,18.6945,0.0,-7.4793,37,59.4595,0.170732
aee75f0b,bear,s22|s100|s62|s16|s23,5,0.0452642379,0.0164491098,26.9657,0.0,-19.0972,70,40.0,0.170571
d53b723c,bear,s62|s18|s100|s98,4,0.0290064828,0.0191068007,14.9916,0.0,-12.4082,45,55.5556,0.170468
9bb95556,bear,s62|s86|s22|s98|s20,5,0.068101202,0.0198441005,39.4801,0.0,-29.6465,68,33.8235,0.170451
98171f5f,bear,s22|s86|s77|s66,4,0.049476819,0.0155787261,27.0177,0.0,-12.8957,45,40.0,0.170445
8f15b4bf,bull,s59|s24|s83|s32,4,0.0684273819,0.0176912945,35.9908,0.0,-23.0086,66,31.8182,0.170392
b81c5e04,bull,s55|s38|s87|s4,4,0.0553825038,0.0194589907,32.0697,0.0,-22.8207,87,36.7816,0.170161
c76097b3,bull,s87|s63|s74,3,0.062441003,0.0181647968,35.4343,0.0,-22.7954,103,32.0388,0.169467
ee598b21,bull,s33|s48|s59|s75,4,0.0751621689,0.0167350228,31.7441,0.0,-14.9535,55,29.0909,0.169389
0f34a26a,bull,s48|s33|s40|s68,4,0.0626129692,0.0183093038,37.4281,0.0,-9.2475,35,40.0,0.169379
3286594f,bull,s83|s35|s38|s74,4,0.0629845128,0.0193198009,35.6916,0.0,-24.2527,103,33.0097,0.169037
8d83a04f,bull,s59|s74,2,0.0691490385,0.0168005196,33.0992,0.0,-17.8105,70,30.0,0.168965
1028f4b1,bear,s71|s29|s16|s28|s66,5,0.0455164505,0.0176540403,26.472,0.0,-20.1679,68,41.1765,0.168914
956e0b77,bull,s3|s47|s21|s59,4,0.0764045787,0.0183350428,35.1425,0.0,-14.0869,43,32.5581,0.168546
d1b17241,bull,s59|s40|s73|s95|s69,5,0.0521884271,0.0162972729,28.067,0.0,-15.785,87,34.4828,0.168361
73f4267a,bull,s88|s92|s33|s68,4,0.0333518342,0.015490597,15.9124,0.0,-11.0529,61,45.9016,0.168196
7a068d5a,bear,s81|s25|s28|s13|s76,5,0.0491189988,0.008392555,26.6168,0.0,-8.8272,58,29.3103,0.167917
29134d24,bear,s37|s28|s85|s98|s71,5,0.0731388189,0.0170549121,34.5227,0.0,-19.9485,64,29.6875,0.167308
f67197cb,bear,s25|s16|s28|s81,4,0.0723874213,0.0157152056,38.1386,0.0,-12.7674,39,33.3333,0.167117
7dfabae6,bear,s81|s76|s97|s56|s13,5,0.0657420857,0.0113507091,32.4916,0.0,-14.7483,59,27.1186,0.167077
606c245b,bear,s81|s67|s13|s101,4,0.0526198156,0.0166399594,33.5216,0.0,-8.0191,35,42.8571,0.16702
b4311282,bear,s86|s22|s61|s66,4,0.045713317,0.0192899482,27.0179,0.0,-21.1892,46,45.6522,0.166944
d9bc02f6,bear,s97|s22|s66|s86|s61,5,0.0757058984,0.0197949492,37.4924,0.0,-15.4824,40,35.0,0.166818
380049a5,bear,s16|s100|s62|s13,4,0.0304676515,0.0117586687,19.0673,0.0,-13.8295,75,44.0,0.166781
c721ce10,bear,s67|s81|s86|s62|s16,5,0.0607431856,0.0112119525,32.5372,0.0,-14.7836,78,26.9231,0.166567
d2454478,bear,s72|s62|s13|s81|s100,5,0.0685469832,0.0187521505,33.9563,0.0,-21.8281,72,31.9444,0.166174
5b535d1f,bear,s50|s81|s28|s13,4,0.0454690335,0.0121132802,23.2217,0.0,-11.6003,50,36.0,0.166086
54bed765,bull,s79|s2|s87|s63|s38,5,0.0708879198,0.0174484541,31.094,0.0,-17.4775,51,31.3725,0.166061
aeae1b87,bear,s51|s23|s67|s77|s22,5,0.0421228207,0.0192799491,27.8519,0.0,-14.3674,38,50.0,0.165912
e67267cb,bear,s72|s76|s81|s89,4,0.0404207475,0.0162318383,22.2802,0.0,-12.7525,45,44.4444,0.165777
b19aac69,bear,s90|s28|s61|s13,4,0.0405407737,0.0181307449,16.8622,0.0,-10.5078,67,43.2836,0.165776
1b6b457c,bear,s81|s19|s76|s20|s85,5,0.078608678,0.0160997288,37.6544,0.0,-22.0659,59,27.1186,0.165776
19aa227a,bull,s11|s54|s95|s59,4,0.0560653743,0.0104018822,28.7065,0.0,-12.3411,58,29.3103,0.165734
7a957149,bear,s62|s100|s86|s29|s49,5,0.0303369524,0.0172325301,16.4519,0.0,-16.6972,80,50.0,0.165716
f003e3b7,bear,s67|s23|s89|s29|s13,5,0.0621481628,0.0158891159,24.6023,0.0,-9.724,56,32.1429,0.165666
b6a56aa5,bear,s25|s29|s71|s66|s28,5,0.0483663045,0.017914522,22.0067,0.0,-14.145,55,40.0,0.165592
c7943d47,bear,s81|s29|s19|s23,4,0.0763594771,0.0133705248,33.0993,0.0,-14.4391,67,25.3731,0.165199
5da612a3,bear,s66|s31|s23|s18|s98,5,0.0648885326,0.0179487619,32.2633,0.0,-20.794,58,32.7586,0.164947
0bfd6c5a,bear,s51|s100|s89|s80,4,0.0507693132,0.013192979,27.247,0.0,-14.0115,47,36.1702,0.164936
c4251bbb,bear,s67|s13|s89|s50,4,0.0212786818,0.0104937798,9.8286,0.0,-7.9553,48,52.0833,0.16483
5273772f,bear,s56|s85|s13|s89|s81,5,0.0581303229,0.0198123659,27.0037,0.0,-17.5698,63,36.5079,0.164829
bc174e47,bear,s62|s97|s49|s20|s86,5,0.0707696458,0.0113413429,35.203,0.0,-17.0013,72,25.0,0.164808
1c913d71,bear,s67|s98|s72|s20|s23,5,0.0604727536,0.015983168,32.5729,0.0,-20.9743,74,32.4324,0.164666
3292a61d,bear,s25|s90|s67|s51|s23,5,0.0388173487,0.0188790883,18.5742,0.0,-10.1515,44,47.7273,0.164581
b633815c,bear,s67|s16|s81,3,0.0752173112,0.0156650724,36.7752,0.0,-20.9514,71,26.7606,0.164528
053d70d2,bull,s79|s83,2,0.0450633356,0.0169435238,20.1077,0.0,-11.4257,61,39.3443,0.164187
bace0857,bear,s51|s23|s66|s31|s37,5,0.0638182751,0.0186997018,31.0175,0.0,-21.9691,51,35.2941,0.164045
a92b99b1,bull,s38|s54|s63|s75,4,0.0384746557,0.0182846534,24.2172,0.0,-9.804,37,51.3514,0.163918
b5a5d6a3,bear,s52|s100|s98|s61,4,0.036403028,0.0172145185,22.1919,0.0,-19.5319,92,44.5652,0.163867
65f363b5,bear,s80|s51|s23|s31|s66,5,0.0387155368,0.0165300051,18.2648,0.0,-12.7063,70,42.8571,0.163512
d9844eb9,bear,s29|s62|s86|s13|s49,5,0.0776621591,0.0184465943,34.6197,0.0,-20.0589,81,28.3951,0.163487
47e34cf3,bear,s28|s81|s23|s13|s85,5,0.0769849164,0.0172621529,35.8304,0.0,-22.4057,62,29.0323,0.163201
ff161d9a,bear,s62|s100|s76|s13|s19,5,0.0768890498,0.0190600708,38.5708,0.0,-27.4014,56,30.3571,0.16315
10219584,bear,s62|s86|s23|s25,4,0.0427968935,0.0143947619,30.276,0.0,-24.2352,89,38.2022,0.163005
5afd0877,bull,s60|s73|s88|s83,4,0.0607710877,0.0168478896,37.2699,0.0,-12.132,35,40.0,0.162879
107d0f5a,bull,s59|s55|s73,3,0.0352804922,0.0167097632,19.1888,0.0,-8.1862,41,48.7805,0.162801
3e5bbaff,bull,s74|s48|s38|s9,4,0.0633420058,0.0119886338,40.6221,0.0,-25.486,133,25.5639,0.162722
38e3b3ef,bear,s100|s16|s51|s72,4,0.0394773166,0.0158718321,27.6343,0.0,-22.3962,146,39.726,0.162527
d42aa0ca,bull,s33|s30|s48|s21,4,0.0746116529,0.0193873728,31.2533,0.0,-16.3626,97,28.866,0.162523
d9be2842,bull,s21|s93|s59|s7,4,0.0780200103,0.0189441676,36.6169,0.0,-18.4134,43,32.5581,0.162455
fe409b0b,bear,s66|s81|s98|s90|s85,5,0.070700739,0.0160448172,28.77,0.0,-14.2564,50,30.0,0.162311
6e2dd61e,bear,s62|s49|s90|s81|s85,5,0.0778049239,0.0154238072,32.4167,0.0,-16.0733,52,26.9231,0.162216
7cc41e12,bull,s63|s10|s53|s21,4,0.0299887434,0.015202957,13.4177,0.0,-12.1235,58,48.2759,0.162128
937de901,bull,s73|s59|s53|s12,4,0.0512067197,0.0171563594,27.3216,0.0,-20.1417,61,37.7049,0.161976
51bedd3d,bear,s62|s89|s100,3,0.0316611157,0.0191164573,18.3783,0.0,-20.5142,92,50.0,0.161971
6556918b,bear,s66|s97|s16|s86|s62,5,0.0689088765,0.0156853622,30.1588,0.0,-16.4369,53,30.1887,0.161891
3089b037,bear,s66|s71|s19|s89|s76,5,0.0401775744,0.0125114,24.3514,0.0,-11.6422,43,41.8605,0.161732
23776a77,bear,s81|s22|s50|s89,4,0.0475665302,0.0187751652,27.1911,0.0,-9.4096,37,45.9459,0.161596
519c43ed,bull,s38|s59|s2|s74,4,0.0480876721,0.0170107556,27.6622,0.0,-19.3357,127,36.2205,0.161303
ee04282e,bear,s81|s71|s50|s23|s22,5,0.0761295704,0.0111856181,47.9429,0.0,-11.2732,32,31.25,0.161089
3723a0cd,bear,s81|s101|s97|s13|s89,5,0.0696109358,0.0111002582,33.6502,0.0,-14.3575,82,23.1707,0.16104
38203adc,bear,s100|s62|s77|s13,4,0.0536166152,0.0194320955,26.9618,0.0,-16.4069,45,40.0,0.160764
43729212,bear,s16|s62|s28|s49|s86,5,0.0509206865,0.0142040756,29.5839,0.0,-20.7053,69,34.7826,0.160568
7623ce5a,bear,s66|s72|s23|s25|s81,5,0.0711562987,0.0162849699,36.8873,0.0,-23.6074,86,27.907,0.160448
d9011f7a,bear,s61|s76|s23|s37,4,0.0601073509,0.0187193076,27.2573,0.0,-17.8033,63,34.9206,0.160381
4e97c9c3,bull,s59|s40|s4|s48,4,0.0605640446,0.0170213517,31.2157,0.0,-13.1152,41,36.5854,0.160124
5f173b65,bear,s66|s22|s86|s98|s77,5,0.0669494037,0.015219685,31.5589,0.0,-17.2454,47,31.9149,0.160029
f5a553e9,bear,s62|s100|s22|s16|s49,5,0.0231269265,0.0151213354,8.1614,0.0,-11.8336,59,54.2373,0.159857
8ad8023b,bear,s19|s20|s66|s81,4,0.0674843561,0.0191137597,51.3092,0.0,-9.8782,25,48.0,0.159801
15864bf0,bear,s57|s80|s67|s23|s22,5,0.054153548,0.0141616606,25.1765,0.0,-14.9193,52,34.6154,0.159794
f56b1a17,bear,s71|s31|s23|s37,4,0.0631807382,0.0164535589,31.5942,0.0,-9.7938,39,35.8974,0.159656
fdbeef24,bull,s39|s53|s59|s73,4,0.0554213535,0.0165811411,26.2713,0.0,-15.1922,81,33.3333,0.159508
e6092327,bear,s13|s100|s20|s76,4,0.0642118254,0.0098460398,31.2054,0.0,-14.353,58,25.8621,0.159349
337d29cf,bear,s72|s89|s51|s67|s81,5,0.0609447264,0.0147529613,31.1647,0.0,-19.5606,48,33.3333,0.159338
11c6d683,bear,s13|s89|s97|s50,4,0.0276743329,0.0113512178,13.7454,0.0,-11.0761,49,46.9388,0.159318
ac2cf645,bull,s70|s92|s87|s74,4,0.0774166081,0.0172702983,35.6525,0.0,-21.3421,97,26.8041,0.158996
6ac71b28,bear,s23|s89|s25|s67|s22,5,0.0676043899,0.0187026895,35.0354,0.0,-13.8404,38,36.8421,0.158951
66bd4fb6,bull,s87|s38|s55,3,0.066908687,0.0169083805,33.2293,0.0,-21.476,83,30.1205,0.158851
76f32bb8,bear,s13|s66|s89,3,0.0275299679,0.0137711738,13.2701,0.0,-12.3641,63,47.619,0.158845
9b6852f4,bear,s51|s77|s66|s101,4,0.0249622397,0.0154584712,10.8615,0.0,-13.3613,85,51.7647,0.158656
7b0692e1,bull,s87|s12|s55|s47,4,0.0439828379,0.0197760291,23.9767,0.0,-13.4493,40,47.5,0.158447
8df4f26f,bear,s18|s76|s22|s71|s49,5,0.0612228206,0.0130165967,30.7613,0.0,-12.2131,43,32.5581,0.158309
88bf91f9,bear,s80|s101|s67|s51,4,0.0256934322,0.0143427341,8.6001,0.0,-8.723,62,50.0,0.158231
d3306272,bear,s25|s23|s98,3,0.045611442,0.0152036938,28.0622,0.0,-22.4111,85,37.6471,0.157957
fe5149af,bear,s22|s29|s20|s100|s98,5,0.0457441694,0.0152334166,28.9331,0.0,-23.1389,86,37.2093,0.157944
7db2d488,bear,s76|s22|s81|s50,4,0.0622056267,0.016339751,50.1464,0.0,-9.6484,25,48.0,0.15782
ef2dbe95,bull,s92|s68|s9|s87,4,0.0724662414,0.0177270419,30.686,0.0,-18.6777,56,30.3571,0.157782
7c8e4151,bear,s50|s97|s22|s81|s89,5,0.0621104391,0.0122557943,40.8573,0.0,-9.8002,32,37.5,0.157778
ebf2db25,bear,s13|s23|s98|s81|s50,5,0.070456045,0.0174646661,26.4063,0.0,-13.0463,56,30.3571,0.157558
00964122,bear,s23|s20|s80|s98,4,0.0405500913,0.0181170278,17.1892,0.0,-14.3704,66,43.9394,0.157464
3e65e2b0,bear,s49|s71|s22|s77|s23,5,0.0415988257,0.0156750335,20.5034,0.0,-14.3801,48,41.6667,0.157318
c7080b00,bear,s19|s76|s37|s71,4,0.0765447101,0.0146013778,33.5371,0.0,-12.4265,44,27.2727,0.157245
cf634e6b,bull,s21|s53|s63|s14,4,0.0375662842,0.0173038642,14.2474,0.0,-10.8226,59,44.0678,0.156725
f437c177,bull,s63|s78|s10|s59,4,0.0566468207,0.0117842736,28.3749,0.0,-14.2168,77,28.5714,0.156563
d1f7808f,bear,s50|s86|s71|s22,4,0.051658517,0.0170464338,22.7588,0.0,-15.9044,53,37.7358,0.156529
419fb185,bear,s25|s97|s37|s23|s71,5,0.029148763,0.0149219818,13.2339,0.0,-13.0996,63,47.619,0.156494
4ff4cec3,bear,s66|s13|s71|s76|s25,5,0.0239585103,0.0092013066,10.4444,0.0,-6.8842,71,45.0704,0.156336
5c90f5a4,bear,s49|s16|s100|s62,4,0.0345867076,0.0122032802,16.5956,0.0,-9.2622,47,42.5532,0.15628
7ccde77a,bull,s59|s95|s73|s35,4,0.0407269348,0.0177612765,20.8706,0.0,-19.2836,62,43.5484,0.156277
a3ea09c4,bear,s100|s28|s18|s62|s13,5,0.0359961421,0.0126459723,21.0711,0.0,-14.8303,98,38.7755,0.15612
855d12ff,bull,s83|s39|s93,3,0.0505116964,0.0161322048,21.4971,0.0,-12.3275,49,36.7347,0.156026
37ae3abd,bear,s29|s51|s17|s20,4,0.0452146683,0.0170397955,26.372,0.0,-21.4237,110,38.1818,0.155762
e14a831a,bear,s100|s62|s20|s67|s51,5,0.0366157345,0.0126007721,18.0063,0.0,-11.5243,71,39.4366,0.155762
61553fdd,bull,s93|s73|s12,3,0.0508027864,0.0152086427,26.0165,0.0,-18.0787,68,35.2941,0.155712
e2e8e45f,bear,s72|s13|s67|s23,4,0.0440973798,0.015547723,20.1149,0.0,-12.9615,71,38.0282,0.15566
6eb99478,bear,s13|s81|s62|s19,4,0.0641462759,0.0119048989,25.9574,0.0,-10.7263,50,28.0,0.155651
9dc69082,bear,s31|s62|s23|s37,4,0.0390109424,0.0190838843,21.0032,0.0,-9.7515,38,50.0,0.155616
1a9a6be2,bear,s86|s66|s20|s62,4,0.0655317271,0.018779826,33.1969,0.0,-22.1897,45,35.5556,0.155597
0be80b2e,bull,s59|s47|s54|s44,4,0.0447597852,0.0118719189,23.5446,0.0,-11.5973,45,37.7778,0.155448
6e0241c1,bear,s18|s51|s23|s22,4,0.0208644567,0.012561422,7.0336,0.0,-12.2214,55,54.5455,0.155107
7959611d,bull,s39|s87|s55|s45,4,0.0361313457,0.0151159868,17.3728,0.0,-14.8208,60,43.3333,0.155029
4be150f7,bear,s76|s28|s37|s89|s23,5,0.0349228116,0.0182989459,16.4655,0.0,-16.2669,87,45.977,0.154992
b15189ce,bear,s49|s81|s31|s23|s22,5,0.0530724542,0.0170040266,21.1437,0.0,-13.088,52,36.5385,0.154926
a779797e,bear,s13|s57|s37|s51,4,0.0420664529,0.0176260582,19.0127,0.0,-15.8271,57,42.1053,0.154885
9cb157a4,bear,s25|s89|s13|s85,4,0.0278412514,0.0179879127,7.5021,0.0,-9.2608,59,50.8475,0.154769
7df6676e,bear,s19|s89|s85|s20|s28,5,0.0631760941,0.0139566931,30.9289,0.0,-17.9321,85,28.2353,0.154625
2ef1ee80,bull,s53|s38|s59|s73,4,0.0325318652,0.01816565,20.1639,0.0,-7.0167,34,55.8824,0.154532
6bee24db,bull,s87|s93|s55|s42,4,0.0287719199,0.0107791317,15.9188,0.0,-7.5946,42,47.619,0.154349
a5e86ff1,bear,s76|s22|s80|s20,4,0.0521366738,0.0174314071,22.373,0.0,-13.8597,79,35.443,0.154242
e75d6348,bear,s23|s18,2,0.0618853438,0.0193447963,24.9993,0.0,-16.228,70,34.2857,0.15417
1d26067f,bull,s94|s83|s60|s9,4,0.0628328312,0.0151250571,34.609,0.0,-23.0901,120,28.3333,0.154166
2507f6d9,bear,s97|s81|s31|s56,4,0.0610318248,0.0165796717,26.7212,0.0,-16.1154,66,31.8182,0.153993
08841be4,bear,s13|s85|s23|s101,4,0.0523208055,0.0149350029,21.9535,0.0,-12.524,55,34.5455,0.153878
459b6359,bull,s48|s91|s14|s73,4,0.0394591337,0.0165653634,17.4445,0.0,-13.3391,75,41.3333,0.153761
9069507a,bear,s76|s89|s51|s56|s22,5,0.020636122,0.0137039755,7.4724,0.0,-10.7886,46,56.5217,0.153722
864dc3fb,bear,s97|s28|s51|s72|s20,5,0.0796779622,0.0155627928,35.6603,0.0,-22.298,77,25.974,0.153669
8b1ad5d1,bear,s20|s97|s101|s81|s85,5,0.0728675146,0.0162733306,31.1966,0.0,-20.4388,50,30.0,0.15347
79ca811f,bear,s97|s22|s50|s89|s29,5,0.0300278009,0.019165746,12.9028,0.0,-17.1624,92,51.087,0.153385
c18aa9d5,bear,s51|s99|s56|s76,4,0.034340684,0.0160533447,17.6992,0.0,-13.261,44,47.7273,0.153292
e2a2630e,bear,s19|s23|s86|s62,4,0.0610517705,0.0149372847,30.9715,0.0,-21.2111,71,30.9859,0.15321
14110571,bear,s81|s52|s29|s85,4,0.0734753768,0.0189177283,29.4381,0.0,-17.744,78,29.4872,0.152982
41cd7a3a,bear,s86|s76|s29|s22,4,0.070416079,0.0154602667,35.849,0.0,-15.7759,39,33.3333,0.152933
50896444,bear,s86|s72|s100|s22,4,0.0500260446,0.0176061611,25.9451,0.0,-21.1367,80,37.5,0.15287
3c0b5a4d,bull,s95|s4|s87|s55,4,0.0626738474,0.0116725721,26.469,0.0,-11.9455,58,27.5862,0.152798
86706a72,bear,s29|s25|s98|s89|s23,5,0.0441425164,0.0185393051,20.7837,0.0,-17.4083,96,40.625,0.152785
537b63c5,bear,s50|s22|s66|s13,4,0.0734802383,0.0183102675,35.4533,0.0,-19.3541,41,34.1463,0.152676
a81a09bd,bear,s81|s76|s29|s56,4,0.0716159295,0.0175158282,35.9295,0.0,-20.7108,42,33.3333,0.152532
cbd69a4e,bear,s77|s23|s97|s25|s81,5,0.0730776333,0.0189124458,32.1891,0.0,-21.4094,75,29.3333,0.152528
c8fb4d13,bear,s71|s22|s18|s23,4,0.0343950191,0.0189483768,21.3252,0.0,-10.1323,35,54.2857,0.152433
808b23c2,bear,s25|s101|s23|s28,4,0.0412659093,0.0187833911,17.6903,0.0,-15.7222,70,42.8571,0.152166
4177df1e,bear,s81|s13|s31|s23,4,0.0517404125,0.0152142702,23.5827,0.0,-15.007,73,34.2466,0.15205
8211bfa8,bear,s29|s85|s50|s22,4,0.023470445,0.0152496336,10.1514,0.0,-7.6945,40,57.5,0.152018
944baa4b,bear,s81|s76|s37|s49|s22,5,0.0671044972,0.0128226967,34.486,0.0,-9.941,37,32.4324,0.152009
dd490483,bull,s73|s47|s33|s59,4,0.0340005473,0.0178233077,10.8219,0.0,-10.3226,58,46.5517,0.151975
50ec3335,bear,s85|s20|s71|s98|s29,5,0.0464910998,0.0144463822,21.9323,0.0,-15.0065,66,36.3636,0.151801
74cde340,bull,s30|s21|s58|s83,4,0.0773403435,0.0189609322,30.8658,0.0,-19.3225,73,28.7671,0.151797
001c07c7,bull,s6|s38|s53|s21,4,0.0587465408,0.0111459016,35.4317,0.0,-22.0123,150,25.3333,0.15169
c6f93d2f,bear,s23|s81|s51|s101,4,0.070121198,0.0105476792,54.6903,0.0,-6.5096,23,43.4783,0.151647
7710962d,bear,s22|s16|s23|s51|s85,5,0.0645276369,0.0149573162,34.1021,0.0,-11.4116,36,36.1111,0.151565
4623f451,bull,s24|s21|s53|s73,4,0.0741857958,0.0170933239,30.6057,0.0,-18.9762,70,28.5714,0.151208
0f1f04c9,bear,s71|s17|s76|s13|s37,5,0.0726199971,0.0173195323,31.6912,0.0,-20.7045,73,28.7671,0.150953
0de00a2c,bear,s81|s76|s13|s20,4,0.0420925086,0.0187481818,18.4986,0.0,-16.0251,48,43.75,0.150882
59014262,bull,s95|s87|s48,3,0.0543555664,0.0137763074,22.7176,0.0,-12.6899,52,32.6923,0.150878
9694702f,bear,s97|s20|s49|s61|s100,5,0.03795499,0.0123841331,22.0051,0.0,-16.476,107,37.3832,0.150742
b02ded9f,bear,s20|s67|s85|s77|s81,5,0.0795635805,0.0153777478,34.3475,0.0,-15.9955,44,27.2727,0.150675
3654eb46,bull,s87|s60|s95|s74,4,0.0564062222,0.0149914118,31.7624,0.0,-22.5837,125,30.4,0.150499
7890baef,bear,s61|s22|s76|s80,4,0.0747001031,0.017056356,28.2356,0.0,-15.4414,68,27.9412,0.150442
f65e0de4,bull,s43|s73|s8|s92,4,0.0475483313,0.016894406,24.3118,0.0,-18.3262,111,36.036,0.150377
225168c7,bull,s55|s58|s83|s79,4,0.0405738021,0.0166435635,16.1042,0.0,-12.2879,66,40.9091,0.15028
3a1e37cb,bear,s89|s13|s26,3,0.0269266893,0.0172543296,8.713,0.0,-12.3895,67,50.7463,0.149922
f14517e2,bear,s89|s80|s100|s51|s98,5,0.0352798789,0.0191168399,12.0858,0.0,-14.1832,50,48.0,0.149794
04527a9d,bear,s62|s28|s16|s23|s37,5,0.0364858852,0.0195981904,14.4482,0.0,-16.3102,66,46.9697,0.149771
88adf137,bear,s89|s29|s80|s51,4,0.0692718647,0.0148301901,35.2265,0.0,-24.6347,87,27.5862,0.149761
186172f1,bear,s100|s62|s80|s51|s97,5,0.0325342272,0.0140934316,14.9662,0.0,-15.5115,55,45.4545,0.149694
4cacc1ae,bear,s51|s100|s86|s31,4,0.0672372156,0.0117616403,25.5849,0.0,-11.2213,52,26.9231,0.149445
0995871e,bear,s13|s81|s61|s89,4,0.0703154462,0.01142202,33.1114,0.0,-17.8103,81,23.4568,0.149385
54c7817f,bear,s101|s23|s97|s20,4,0.0631121236,0.0156634908,25.1282,0.0,-14.0747,66,30.303,0.149198
5faaf69e,bear,s81|s77|s66|s25,4,0.040312892,0.0189109705,14.371,0.0,-13.4708,50,44.0,0.149072
d9b33ac0,bull,s83|s73|s5|s12,4,0.041175603,0.0133568278,17.0833,0.0,-10.6179,56,37.5,0.148979
254d66ff,bull,s59|s38|s54|s73|s40,5,0.0348778117,0.0113648616,15.6897,0.0,-10.6178,61,39.3443,0.148938
8c64a3ac,bear,s80|s76|s19|s22,4,0.0676542301,0.0166150177,29.2718,0.0,-19.4279,70,30.0,0.148804
39228338,bull,s87|s11|s95|s73,4,0.0627843581,0.0104335113,30.0047,0.0,-8.791,41,29.2683,0.14879
13f7006e,bear,s50|s28|s31|s23,4,0.0756782727,0.0168340311,32.5155,0.0,-20.8706,48,29.1667,0.148752
7c6558a1,bear,s62|s81|s17|s97|s25,5,0.0350106606,0.0190306185,14.5217,0.0,-13.1699,45,48.8889,0.148719
6370bc19,bear,s19|s28|s23|s76|s61,5,0.0617798693,0.0161178279,32.8648,0.0,-24.8717,98,30.6122,0.148681
cd65d364,bear,s100|s62|s13,3,0.0693253055,0.0192185085,26.1647,0.0,-17.4827,56,32.1429,0.148639
f4325834,bear,s25|s77|s67|s81,4,0.050236609,0.0185388049,17.9839,0.0,-12.2027,49,38.7755,0.148621
543a4bcc,bull,s88|s9|s83|s74,4,0.0488240599,0.0184582814,27.2953,0.0,-24.1603,110,37.2727,0.148518
c4817a56,bear,s31|s98|s23|s80,4,0.0412621906,0.0157346187,17.6947,0.0,-15.5986,53,41.5094,0.148511
bef89903,bear,s25|s66|s61|s23,4,0.0612399581,0.0177572712,24.2437,0.0,-15.6584,67,32.8358,0.148507
a598aa79,bull,s45|s3|s83|s79,4,0.0480468251,0.0180726799,25.6135,0.0,-14.2883,39,43.5897,0.148479
ff2284ad,bull,s83|s44|s48,3,0.02874352,0.0160905073,12.5572,0.0,-15.6147,91,48.3516,0.14844
21999575,bull,s68|s95|s75,3,0.0594504676,0.0140515811,28.2093,0.0,-16.891,94,28.7234,0.148334
7db4e1b5,bull,s93|s33|s69|s73,4,0.0750518554,0.0169772135,28.5153,0.0,-15.8548,77,27.2727,0.148315
e1180070,bull,s83|s30|s2|s48,4,0.0716723188,0.0189595059,26.4918,0.0,-17.2873,51,31.3725,0.148223
0e70bd62,bull,s47|s40|s2|s55,4,0.024594852,0.0153993467,4.293,0.0,-7.3547,51,50.9804,0.148049
c5b9b74a,bear,s37|s76|s22|s85|s80,5,0.059997101,0.0171910932,21.0996,0.0,-9.7267,47,34.0426,0.147905
72b795f0,bear,s100|s67|s62|s16|s23,5,0.0282214577,0.0145234887,10.7312,0.0,-14.0672,51,49.0196,0.147782
f696d194,bear,s101|s71|s66|s37,4,0.0644844339,0.008058789,27.3323,0.0,-10.8345,55,23.6364,0.147735
44720b30,bull,s87|s74|s82|s45,4,0.0510603426,0.0151537951,28.7603,0.0,-21.9279,119,32.7731,0.147577
9e4cc2c9,bear,s51|s22|s20|s23,4,0.0491243769,0.0173823872,26.1711,0.0,-11.6737,37,43.2432,0.147551
29eb6a3c,bear,s81|s85|s16|s20,4,0.077607983,0.0187456937,34.0063,0.0,-12.2231,38,31.5789,0.14751
9fb43ef1,bear,s101|s85|s67|s77|s23,5,0.057370394,0.017869534,24.5394,0.0,-17.9259,64,34.375,0.147505
9772ecbd,bear,s28|s23|s25|s13,4,0.0407936361,0.0153306626,16.3701,0.0,-11.872,74,39.1892,0.147432
e86f6994,bull,s48|s73|s1|s84,4,0.0384269376,0.0127045664,15.7591,0.0,-10.8054,54,38.8889,0.147287
95a778ac,bull,s96|s83|s73|s33,4,0.07961927,0.0183327334,31.3174,0.0,-20.1402,73,27.3973,0.147041
82d4cc0e,bull,s35|s48|s73|s91,4,0.0730071825,0.0184940548,26.421,0.0,-15.6429,68,29.4118,0.146991
764f60c3,bear,s16|s71|s37|s28,4,0.0398799601,0.0194937174,18.5605,0.0,-11.0077,40,47.5,0.146975
36754409,bear,s16|s23|s81|s101|s66,5,0.0424130995,0.0179154917,23.7644,0.0,-23.3031,101,40.5941,0.146931
eb6bb0ff,bull,s59|s93|s78,3,0.0730299451,0.0162791678,29.2778,0.0,-17.8875,72,27.7778,0.146782
61638699,bull,s55|s84|s47|s88,4,0.0498886099,0.019441773,19.9731,0.0,-11.9955,44,40.9091,0.146637
b0b2cd69,bear,s23|s97|s18|s19,4,0.0419450872,0.0181222879,23.4383,0.0,-24.4712,88,42.0455,0.146476
1482dcb7,bull,s68|s91|s38|s54,4,0.0354568129,0.0191939757,12.9629,0.0,-14.1611,81,45.679,0.146405
fcdfafba,bear,s18|s20|s23|s85,4,0.0613544063,0.0169756757,24.2352,0.0,-15.5028,72,31.9444,0.146266
44c58d35,bear,s37|s23|s51|s31,4,0.0450177484,0.0185822378,20.5553,0.0,-20.9915,52,42.3077,0.14617
4453b46c,bear,s100|s67|s20|s86|s51,5,0.0229618145,0.0125171567,11.4184,0.0,-16.5193,116,50.0,0.146116
c5081815,bull,s83|s87|s9|s55,4,0.0386401997,0.0139594251,30.1367,0.0,-6.8176,28,53.5714,0.146053
e57960e2,bull,s83|s79|s34|s48|s11,5,0.0586881935,0.0180755577,25.2539,0.0,-18.3309,78,33.3333,0.146023
dace4b63,bear,s100|s51|s86|s29,4,0.0302232888,0.0132839308,12.8943,0.0,-13.4462,69,44.9275,0.146021
a7ee619f,bear,s37|s76|s57|s13,4,0.0322488797,0.0158846556,13.8426,0.0,-16.1123,67,46.2687,0.14584
f2d3ea6a,bull,s47|s55|s68,3,0.0293529402,0.0183454995,6.601,0.0,-10.1929,56,50.0,0.145825
36cbb168,bull,s92|s91|s5|s73,4,0.0704254709,0.0183297244,28.6853,0.0,-20.679,58,31.0345,0.145808
f7a1694a,bear,s66|s29|s86|s51,4,0.0209008533,0.0124534088,4.8329,0.0,-7.9305,47,53.1915,0.145808
d0b119f0,bear,s25|s76|s22|s86|s66,5,0.0255032627,0.0155460768,7.3325,0.0,-11.8121,81,50.6173,0.145746
e318e9c6,bull,s74|s87|s63|s55|s45,5,0.0496961174,0.0178222311,21.3913,0.0,-17.5182,48,39.5833,0.14569
b26a1e60,bear,s31|s100|s13|s81,4,0.0620551089,0.0185529855,26.6961,0.0,-12.9763,41,36.5854,0.145642
ffa20ed9,bull,s38|s74|s83|s7,4,0.0706525613,0.0164166664,35.9786,0.0,-26.7799,117,27.3504,0.145626
19829eb1,bear,s31|s23|s81|s67|s13,5,0.0631618486,0.0186953094,20.0653,0.0,-11.5543,60,33.3333,0.145598
47d55e71,bear,s52|s100|s67|s85|s61,5,0.0417462444,0.0171249751,21.4513,0.0,-20.1191,100,40.0,0.145448
89df00e4,bear,s66|s50|s81|s98|s37,5,0.0688292957,0.0154629209,29.888,0.0,-19.1018,83,27.7108,0.145379
3dac2ac6,bear,s22|s81|s76|s37,4,0.0359076357,0.0091473004,21.5062,0.0,-7.0405,38,42.1053,0.145327
2c6d8fbd,bull,s79|s1|s68|s6,4,0.0281053487,0.0121931241,12.5889,0.0,-11.5679,118,43.2203,0.145313
a1546540,bear,s22|s23|s57|s101,4,0.0762174703,0.0188212202,29.7402,0.0,-20.901,49,30.6122,0.145133
40c37b67,bull,s48|s59|s75,3,0.0432933161,0.015921648,18.4683,0.0,-15.3858,69,39.1304,0.145107
cf68f813,bear,s29|s98|s80|s28|s23,5,0.0457173008,0.0153336232,18.4696,0.0,-14.4551,55,38.1818,0.145059
