id,direction,signals,n_signals,tp,sl,train_return,train_sharpe,train_drawdown,train_trades,train_winrate,score,test_return,test_sharpe,test_drawdown,test_trades,test_winrate,test_score
fd3bdad4,bull,s8|s21|s33|s59,4,0.0782621692,0.019482152,90.4214,0.0,-7.6124,41,41.4634,0.379856,-13.1844,0.0,-16.7168,10,10.0,-0.014578
b7d2ecbb,bull,s33|s9|s73|s21,4,0.0728403544,0.0152630601,84.8846,0.0,-5.7247,39,41.0256,0.347444,-0.3009,0.0,-7.4502,9,22.2222,0.00776
a184cad1,bull,s94|s59|s78|s21|s36,5,0.0569647855,0.0183823464,63.5528,0.0,-12.0933,47,44.6809,0.330856,-1.6156,0.0,-4.4055,4,25.0,0.004426
776567f4,bear,s18|s76|s99|s23|s86,5,0.0783156013,0.0190787892,55.4683,0.0,-17.0118,34,38.2353,0.19417,20.5208,0.0,-13.5628,49,28.5714,0.124567
9c98c8a0,bull,s21|s93|s73|s82|s9,5,0.0797408798,0.0154775934,71.8663,0.0,-11.1617,43,34.8837,0.308423,-1.1219,0.0,-7.5285,10,20.0,0.006585
0cc353c4,bull,s46|s82|s41|s21,4,0.0736517036,0.019931591,73.8058,0.0,-21.6238,64,35.9375,0.338164,-14.1487,0.0,-25.4109,29,20.6897,-0.04104
d8875851,bull,s47|s10|s15|s96,4,0.0712870904,0.0190489747,64.27,0.0,-23.1957,81,33.3333,0.287493,-8.1948,0.0,-14.4018,11,18.1818,-0.004717
0ef11881,bear,s61|s86|s90|s19|s71,5,0.0651596613,0.0194349448,34.6627,0.0,-19.1869,40,37.5,0.154872,28.3946,0.0,-7.5761,28,39.2857,0.116876
980c9800,bull,s84|s94|s59|s34,4,0.0556258488,0.0179215867,55.89,0.0,-14.7363,42,45.2381,0.264655,5.1254,0.0,-0.5627,1,100.0,0.006376
31b6b361,bull,s33|s54|s21|s96,4,0.0514176203,0.014908359,49.3036,0.0,-7.3211,44,43.1818,0.268221,-5.8125,0.0,-12.1822,10,20.0,4.1e-05
8f177616,bull,s34|s21|s33|s55,4,0.0580248938,0.0195314888,46.699,0.0,-9.0445,48,41.6667,0.273276,-10.7303,0.0,-10.7303,8,12.5,-0.006018
3503b3c2,bull,s21|s83|s9,3,0.0775934663,0.0175935109,52.0698,0.0,-14.1104,53,32.0755,0.262174,-6.8085,0.0,-9.797,16,18.75,-0.00012
2b9951fc,bull,s68|s4|s93|s21|s9,5,0.0795881991,0.0166371662,46.5282,0.0,-14.4345,49,30.6122,0.229953,13.1843,0.0,-7.9732,12,33.3333,0.030916
c01c863c,bull,s59|s33|s21,3,0.0700797677,0.0122573979,64.549,0.0,-12.2367,43,34.8837,0.280478,-15.0459,0.0,-15.0459,10,0.0,-0.021064
507dcd44,bull,s10|s94|s64|s47,4,0.0662316573,0.0191786296,49.9207,0.0,-17.6615,72,34.7222,0.250865,0.3438,0.0,-9.3586,7,28.5714,0.008262
26916188,bull,s21|s47|s96|s34,4,0.0723421455,0.0198687616,69.8852,0.0,-9.9681,34,44.1176,0.259753,-8.1223,0.0,-9.7362,11,18.1818,-0.001574
4dccd68a,bull,s96|s33|s93|s21|s78,5,0.054868125,0.0193434229,48.0655,0.0,-15.6187,67,40.2985,0.266301,-12.5377,0.0,-14.7703,15,20.0,-0.010339
7430851f,bull,s93|s34|s21,3,0.0715624816,0.0195470102,55.5551,0.0,-12.7825,45,37.7778,0.267486,-12.2666,0.0,-15.8139,13,15.3846,-0.013092
73e2b916,bull,s43|s73|s94,3,0.0589255678,0.0185364597,43.5589,0.0,-18.592,61,37.7049,0.231574,12.1,0.0,-5.9021,5,60.0,0.021069
7dcc82ef,bull,s32|s59|s94|s10,4,0.0648927353,0.0199066063,49.1328,0.0,-19.2554,66,36.3636,0.247856,-3.6693,0.0,-10.7537,5,20.0,0.001306
4987ce34,bull,s14|s21|s64|s78,4,0.0590929039,0.0170862222,54.2685,0.0,-19.9312,78,35.8974,0.264973,-14.2643,0.0,-16.9857,14,14.2857,-0.018244
26a40cd5,bull,s94|s30|s95|s87|s7,5,0.0437653998,0.0191056801,32.2273,0.0,-10.9818,52,46.1538,0.234425,3.1492,0.0,-3.7949,4,50.0,0.012097
b46ef191,bull,s21|s36|s78|s44,4,0.0633243134,0.0192497566,48.811,0.0,-20.2517,52,38.4615,0.249873,-10.6622,0.0,-11.5959,8,12.5,-0.00639
0034eb33,bull,s94|s30|s64|s87,4,0.0445697982,0.0196227239,34.8833,0.0,-11.213,46,47.8261,0.229423,5.6843,0.0,-3.8465,3,66.6667,0.012672
0e9107bd,bull,s21|s93|s34|s33,4,0.0601912957,0.0198053406,58.8023,0.0,-5.226,33,48.4848,0.24089,-6.3381,0.0,-6.9399,6,16.6667,0.000459
2ca23080,bull,s34|s21|s41|s93,4,0.0755657735,0.0180723839,57.4599,0.0,-12.1344,41,36.5854,0.248618,-10.118,0.0,-14.3948,13,15.3846,-0.009751
8b3979a3,bull,s21|s55|s33,3,0.0729297591,0.0188229786,47.2724,0.0,-11.3127,57,33.3333,0.255151,-15.0721,0.0,-15.0721,11,9.0909,-0.017211
35d3b6c9,bull,s73|s14|s21,3,0.0743187327,0.0184822564,60.2018,0.0,-7.0452,35,40.0,0.23777,-6.5858,0.0,-6.5858,7,14.2857,-0.000454
6ee030db,bear,s86|s99|s90|s19,4,0.0752283671,0.0189042701,81.1276,0.0,-6.7045,18,61.1111,0.175583,14.2078,0.0,-14.9392,30,30.0,0.061208
810324a1,bull,s43|s54|s34|s21|s63,5,0.0430240851,0.017292966,35.6288,0.0,-12.0699,58,44.8276,0.240788,-9.9376,0.0,-17.5233,16,25.0,-0.005542
34d08993,bull,s21|s59|s4|s9,4,0.0715250822,0.0143945553,49.5673,0.0,-8.8219,46,32.6087,0.248059,-11.2877,0.0,-14.8973,11,9.0909,-0.013765
d2a69d74,bull,s47|s42|s94,3,0.0569861906,0.0197887923,41.8537,0.0,-19.3961,64,39.0625,0.226414,-1.6929,0.0,-10.5326,7,28.5714,0.006628
a0f21017,bull,s94|s34|s87|s42,4,0.0498771484,0.0194346646,31.1487,0.0,-18.4639,55,41.8182,0.194658,16.4511,0.0,-4.852,8,62.5,0.0382
09d62450,bull,s2|s21|s78,3,0.0644623281,0.0189057886,42.1275,0.0,-14.2817,66,34.8485,0.23021,-3.3056,0.0,-10.4716,5,20.0,0.001536
f77f8299,bull,s68|s10|s94,3,0.0630015825,0.0187287807,45.2576,0.0,-21.3975,78,34.6154,0.220684,2.2934,0.0,-10.4287,6,33.3333,0.009346
bbbcbba7,bull,s95|s94|s91,3,0.0718587699,0.0194086126,43.2976,0.0,-19.3809,79,31.6456,0.209985,8.1089,0.0,-7.2441,8,37.5,0.019713
4c3ed70d,bull,s44|s9|s68|s3,4,0.0779810166,0.0133904501,44.5945,0.0,-14.2906,65,26.1538,0.213968,13.2614,0.0,-1.7305,3,66.6667,0.014871
ac8dcfa3,bull,s95|s82|s41|s21,4,0.0614640785,0.0168733743,42.9026,0.0,-10.0442,45,37.7778,0.22933,-7.4698,0.0,-14.4858,11,18.1818,-0.004134
123f358f,bull,s30|s21|s34|s33,4,0.0606969845,0.0181837842,46.4028,0.0,-18.4074,59,37.2881,0.242253,-15.5031,0.0,-15.5031,11,9.0909,-0.017875
fa48357b,bull,s44|s87|s21,3,0.0704514195,0.0179694169,50.6746,0.0,-11.1947,36,38.8889,0.205762,3.7989,0.0,-6.4205,10,30.0,0.017187
a4cc90d8,bull,s43|s21|s63,3,0.0723566583,0.0193596555,47.5724,0.0,-15.1828,48,35.4167,0.240952,-13.9709,0.0,-17.14,14,14.2857,-0.018045
45cb554c,bull,s87|s21|s14,3,0.0682934659,0.0151578507,50.7046,0.0,-11.3262,42,35.7143,0.231825,-10.9048,0.0,-10.9048,6,0.0,-0.00916
0d6d98a1,bull,s95|s21|s82|s34,4,0.0609481022,0.0156811407,44.3494,0.0,-10.0751,42,38.0952,0.219625,-4.6722,0.0,-9.783,10,20.0,0.002392
2686d8a2,bull,s10|s94|s35|s87|s21,5,0.0637892477,0.0193234395,44.9664,0.0,-18.8681,88,34.0909,0.225534,-7.9674,0.0,-14.6967,7,14.2857,-0.004634
d5ce71c7,bull,s21|s10|s92|s87|s43,5,0.0589993749,0.0191588182,39.9299,0.0,-9.208,48,39.5833,0.240812,-16.4593,0.0,-18.9281,11,9.0909,-0.020977
6f9b48c4,bull,s21|s8|s95,3,0.071912766,0.0163899981,36.5904,0.0,-15.1319,56,30.3571,0.192037,8.4269,0.0,-14.2755,17,29.4118,0.0269
3bce166a,bull,s87|s54|s74,3,0.0405594426,0.014966144,28.7121,0.0,-16.1595,50,44.0,0.19837,0.7107,0.0,-12.6915,14,35.7143,0.020135
6a97127f,bull,s40|s82|s9|s21,4,0.070787123,0.0165336389,44.9244,0.0,-16.9585,52,32.6923,0.226899,-9.3744,0.0,-14.3447,13,15.3846,-0.008938
1b70db48,bull,s78|s95|s73|s41|s60,5,0.0630386271,0.0184173628,42.1421,0.0,-15.0177,55,36.3636,0.232606,-14.6,0.0,-16.2096,7,0.0,-0.014984
7682449a,bull,s70|s87|s21|s4,4,0.07036032,0.0141763492,48.7448,0.0,-7.0467,41,34.1463,0.226548,-9.549,0.0,-12.5731,10,10.0,-0.009183
17d658f3,bull,s91|s41|s94|s21,4,0.074086716,0.0165867199,39.6075,0.0,-16.5086,69,28.9855,0.195861,8.0892,0.0,-6.0225,9,33.3333,0.020572
cf3ea391,bull,s78|s68|s12|s83|s10,5,0.056988213,0.0152801927,33.8768,0.0,-9.9533,47,36.1702,0.201308,-0.0909,0.0,-6.2806,11,27.2727,0.013775
451bd1f7,bull,s21|s34|s33|s83,4,0.054177641,0.0173458348,44.9566,0.0,-4.2059,35,45.7143,0.213046,-5.6965,0.0,-6.2364,6,16.6667,0.001021
b7efdf42,bull,s30|s84|s24|s78,4,0.0515531641,0.0160153615,36.1782,0.0,-7.7348,44,40.9091,0.214927,-6.444,0.0,-7.063,3,0.0,-0.002818
03dc1a4c,bull,s32|s65|s48|s78|s87,5,0.0513464357,0.0169360735,33.9924,0.0,-11.8649,53,39.6226,0.219243,-9.9954,0.0,-13.0978,5,0.0,-0.007928
5882ab0a,bear,s71|s61|s20|s99|s86,5,0.0728542509,0.0184575526,52.9482,0.0,-16.7185,56,33.9286,0.263423,-10.6516,0.0,-26.6013,60,23.3333,-0.05241
c3d51ae6,bull,s74|s21|s36|s95,4,0.0714991218,0.0166983121,50.3074,0.0,-6.5215,34,38.2353,0.201532,2.6246,0.0,-10.7852,7,28.5714,0.00894
ff7801e6,bull,s83|s34|s82|s21,4,0.0779127049,0.0149171675,59.3724,0.0,-12.4619,37,35.1351,0.226077,-14.0974,0.0,-14.0974,8,0.0,-0.015789
6bca3155,bull,s87|s21|s9,3,0.0642097281,0.0182001615,39.4094,0.0,-11.7713,68,33.8235,0.223794,-11.73,0.0,-15.9714,20,20.0,-0.013934
16ec3962,bull,s94|s43|s68,3,0.0558591984,0.0199757291,30.6773,0.0,-18.5597,66,37.8788,0.180666,11.0358,0.0,-7.1148,8,50.0,0.027648
5842f33e,bull,s21|s34|s68|s96,4,0.0757222898,0.0150525162,50.045,0.0,-8.3023,34,35.2941,0.191186,3.5191,0.0,-7.3724,12,25.0,0.01607
f55cfe39,bull,s59|s3|s91|s96,4,0.0750831445,0.0148319579,44.2579,0.0,-16.3998,59,28.8136,0.214273,-7.9631,0.0,-15.9622,9,11.1111,-0.008353
a7e9932e,bull,s87|s4|s21,3,0.0718328205,0.0156600355,35.3429,0.0,-11.1797,49,30.6122,0.195676,-0.7784,0.0,-5.7545,9,22.2222,0.008332
8ca18f7c,bull,s95|s33|s21,3,0.0658565425,0.0142171152,38.8796,0.0,-8.8177,46,32.6087,0.20874,-7.8514,0.0,-12.0215,13,15.3846,-0.005542
23a94863,bull,s63|s21|s33,3,0.0678475452,0.0122828991,55.4324,0.0,-9.3412,35,37.1429,0.213594,-10.8097,0.0,-10.8097,7,0.0,-0.010594
4ef768c4,bear,s71|s19|s86,3,0.0644959691,0.0190583285,32.9763,0.0,-10.9878,30,40.0,0.131365,20.8926,0.0,-8.9018,20,40.0,0.070746
52f8c2ea,bull,s21|s14|s82|s95,4,0.0622979254,0.0183863737,60.6482,0.0,-6.5358,28,50.0,0.208872,-10.648,0.0,-11.2344,5,0.0,-0.00763
430c010c,bear,s29|s101|s28|s85|s18,5,0.0649246555,0.0146500344,38.039,0.0,-12.3209,45,33.3333,0.193674,-1.3223,0.0,-8.9617,9,22.2222,0.006209
a4bbfdeb,bull,s30|s78|s65|s84,4,0.0494756825,0.0167060095,29.365,0.0,-8.2169,47,40.4255,0.201241,-8.5626,0.0,-8.5626,4,0.0,-0.004795
9c6705ff,bull,s33|s21|s82|s63,4,0.0638543488,0.0164471035,65.6814,0.0,-6.0672,25,52.0,0.200262,-7.8909,0.0,-7.8909,4,0.0,-0.004419
79189755,bull,s42|s33|s95|s93|s21,5,0.0713809882,0.0174429736,57.6415,0.0,-6.2674,31,41.9355,0.209294,-14.0069,0.0,-14.7463,7,0.0,-0.014037
42cf7387,bull,s96|s73|s21|s93|s41,5,0.0748873724,0.0100391547,55.2095,0.0,-6.7976,33,33.3333,0.198294,-5.6732,0.0,-8.0918,10,10.0,-0.003394
f70b11ac,bear,s97|s86|s101|s52|s76,5,0.0764823562,0.0178136548,39.9795,0.0,-13.1783,39,33.3333,0.171899,1.9423,0.0,-8.4303,20,25.0,0.022991
035ea5f3,bull,s73|s96|s78|s53|s93,5,0.0761745542,0.0195813867,49.5798,0.0,-9.5011,34,38.2353,0.193475,-4.8203,0.0,-6.8692,6,16.6667,0.001213
bbcbabc3,bull,s96|s43|s73|s54|s40,5,0.0367690202,0.0156575246,26.3598,0.0,-7.8337,38,50.0,0.176273,-0.9829,0.0,-9.4048,11,36.3636,0.016928
024026f6,bull,s14|s43|s96|s21,4,0.0703317325,0.0198988552,45.5854,0.0,-20.0913,105,31.4286,0.216354,-14.7592,0.0,-18.0942,21,19.0476,-0.023594
345c84a6,bull,s41|s88|s54|s15,4,0.0462536662,0.0188697354,28.1339,0.0,-12.1722,45,44.4444,0.188417,-5.4321,0.0,-9.2474,8,25.0,0.004085
20e2f6bd,bull,s95|s14|s78|s58,4,0.0615791284,0.0198281296,33.6368,0.0,-15.0373,51,37.2549,0.2012,-11.2952,0.0,-14.9044,5,0.0,-0.008989
80400527,bull,s21|s15|s9|s94,4,0.0726557279,0.0105649718,37.6589,0.0,-8.3887,61,24.5902,0.19924,-8.3781,0.0,-8.3781,6,0.0,-0.007038
9e4c5fe5,bear,s77|s20|s56|s86|s29,5,0.0777678739,0.0183690784,36.9658,0.0,-14.6233,40,32.5,0.161195,7.0804,0.0,-16.5378,26,26.9231,0.030928
6dc36a0a,bear,s100|s86|s61|s99|s17,5,0.0688291553,0.0187652044,33.7962,0.0,-22.3446,47,34.0426,0.160062,2.8172,0.0,-20.5405,51,27.451,0.032
75ba8a54,bull,s10|s78|s58|s95,4,0.0436722059,0.018641837,25.7412,0.0,-14.4413,52,44.2308,0.192333,-7.2465,0.0,-8.7094,6,16.6667,-0.000614
c531a076,bull,s82|s91|s48|s96,4,0.0740618862,0.0178659369,41.3701,0.0,-23.928,98,28.5714,0.179411,0.5361,0.0,-12.9146,16,25.0,0.012288
98d18bfb,bear,s18|s99|s81|s85|s29,5,0.0786400078,0.0184935823,40.5912,0.0,-13.3567,35,34.2857,0.157606,5.5753,0.0,-14.6963,32,25.0,0.034056
5ff98e9e,bull,s84|s21|s34,3,0.0794743798,0.0170544379,56.9687,0.0,-33.9444,98,27.551,0.208695,-8.7507,0.0,-19.4367,22,18.1818,-0.017058
5dfbd893,bull,s21|s40|s14,3,0.0722548606,0.0141783371,37.321,0.0,-9.1307,47,29.7872,0.198578,-9.3885,0.0,-10.3721,10,10.0,-0.007734
74bb241b,bull,s21|s40|s33|s43|s54,5,0.0463756022,0.0147111994,32.3186,0.0,-15.5902,65,38.4615,0.197888,-9.3279,0.0,-16.8248,18,22.2222,-0.007603
40d62aa5,bull,s21|s73|s36,3,0.0762450437,0.0170311272,45.2419,0.0,-10.4869,38,34.2105,0.191625,-5.5908,0.0,-10.0394,7,14.2857,-0.001347
59b4456e,bear,s89|s101|s76|s52|s86,5,0.0703679318,0.013780695,36.9663,0.0,-15.6248,62,27.4194,0.183249,-3.6521,0.0,-10.8506,25,20.0,0.00642
bdcf7659,bear,s86|s90|s99|s19|s57,5,0.0698668019,0.0160652824,40.8687,0.0,-11.4399,37,35.1351,0.173575,0.3838,0.0,-16.6504,33,24.2424,0.016045
a5dcd5e6,bear,s86|s71|s61|s101,4,0.0676470163,0.0186263489,32.022,0.0,-13.4008,47,34.0426,0.178613,-1.6607,0.0,-18.9335,34,26.4706,0.010859
1f1b6eed,bull,s70|s45|s33|s21,4,0.0690141786,0.0111827116,61.264,0.0,-5.9103,30,40.0,0.208395,-14.1207,0.0,-14.1207,10,0.0,-0.019769
6aa5b15c,bear,s86|s19|s26,3,0.0746577822,0.017094539,36.5498,0.0,-19.1714,40,32.5,0.148948,9.4095,0.0,-10.0976,21,28.5714,0.039085
7b520e4b,bull,s59|s54|s74|s41,4,0.043467752,0.0155437184,35.1156,0.0,-9.5,35,48.5714,0.180374,-2.1006,0.0,-7.5549,7,28.5714,0.007651
5dedc5e7,bull,s47|s58|s9|s78,4,0.0595271578,0.0197961549,31.3533,0.0,-14.1177,47,38.2979,0.186077,-4.1322,0.0,-9.1411,5,20.0,0.001605
d9711af7,bull,s10|s68|s78|s14,4,0.0626818002,0.0190334343,37.8059,0.0,-22.867,62,35.4839,0.189074,-7.5225,0.0,-13.0682,10,20.0,-0.001859
37dc3cc7,bull,s15|s78|s21|s41,4,0.0528224925,0.0175364434,27.3605,0.0,-15.9044,59,37.2881,0.173593,-1.5678,0.0,-6.4978,10,30.0,0.012847
b20c80a8,bull,s2|s21|s59,3,0.0796037156,0.0184689251,51.8992,0.0,-8.8593,32,37.5,0.187852,-4.4117,0.0,-6.2086,2,0.0,-0.001451
57d353d9,bull,s21|s88|s26,3,0.0782435872,0.0143965915,42.7567,0.0,-15.3257,39,30.7692,0.169539,4.8536,0.0,-8.829,12,25.0,0.016303
cba1234c,bull,s54|s43|s87,3,0.0610947986,0.0161226262,28.5316,0.0,-10.1114,51,33.3333,0.183792,-3.5796,0.0,-16.6128,13,23.0769,0.001319
23f6ec1c,bull,s84|s79|s47|s34|s94,5,0.0544746485,0.0159461185,24.3294,0.0,-11.9444,58,34.4828,0.164933,9.049,0.0,-7.0775,6,50.0,0.019796
c408fcbd,bull,s64|s94|s10|s68,4,0.0617003288,0.019555768,34.6069,0.0,-22.2825,78,34.6154,0.175426,1.6942,0.0,-10.6595,6,33.3333,0.008976
5c381132,bull,s59|s47|s96|s41|s78,5,0.0454460022,0.019612269,33.8579,0.0,-20.038,66,43.9394,0.207136,-17.6316,0.0,-18.9912,16,18.75,-0.0228
e0fb1420,bull,s68|s21|s41,3,0.0724441507,0.0147922499,36.0714,0.0,-14.0202,60,28.3333,0.187225,-5.608,0.0,-14.0667,21,19.0476,-0.003146
b52d3bc3,bull,s88|s14|s54|s9,4,0.0570636857,0.0153424495,32.6734,0.0,-17.768,62,33.871,0.179003,-4.5815,0.0,-12.4597,17,23.5294,0.00506
564b92f8,bull,s96|s78|s33|s88,4,0.0794069639,0.0180241795,40.2271,0.0,-21.9766,70,28.5714,0.180693,-1.5004,0.0,-18.6321,22,22.7273,0.002765
e20436e5,bull,s54|s15|s59,3,0.0462047844,0.0129684004,41.0942,0.0,-9.7152,31,48.3871,0.173843,-0.2953,0.0,-6.5858,7,28.5714,0.009069
20fceb2c,bear,s100|s18|s26,3,0.0463376748,0.0178456715,21.4595,0.0,-13.4236,43,41.8605,0.147188,10.154,0.0,-4.3184,10,50.0,0.035532
a98e406f,bull,s24|s93|s78|s75,4,0.075199354,0.0192496356,56.2747,0.0,-7.7017,28,42.8571,0.185116,-6.7793,0.0,-6.7793,3,0.0,-0.002847
a11f9d9d,bull,s39|s94|s59|s2|s21,5,0.0791010652,0.0168870875,41.2804,0.0,-22.7473,81,27.1605,0.178361,-1.2005,0.0,-6.1042,5,20.0,0.003689
d7d7cf07,bull,s68|s21|s35|s9,4,0.0729659253,0.0174382556,35.4718,0.0,-16.0072,43,32.5581,0.164724,7.207,0.0,-10.9845,9,33.3333,0.017257
cde5236e,bull,s33|s87|s21|s7,4,0.0374168474,0.0189943125,20.0515,0.0,-11.2916,50,48.0,0.190331,-13.3179,0.0,-13.3179,11,18.1818,-0.00851
7e810014,bull,s59|s94|s44|s95|s91,5,0.0456069493,0.019248556,27.2998,0.0,-20.1638,58,43.1034,0.178018,-2.9145,0.0,-6.7745,4,25.0,0.003441
5f70eae8,bull,s21|s41|s96|s59,4,0.0534826229,0.0121617463,46.2518,0.0,-7.7853,36,41.6667,0.206389,-16.3349,0.0,-16.3349,11,0.0,-0.025156
79c5e07a,bull,s3|s96|s21|s33,4,0.0669077661,0.011430894,46.8901,0.0,-24.5859,113,24.7788,0.188139,-7.5504,0.0,-11.649,10,10.0,-0.00703
40d7aa49,bear,s77|s86|s89|s57|s101,5,0.053333922,0.0114351256,28.7375,0.0,-10.3048,37,35.1351,0.140186,7.3844,0.0,-6.0217,20,30.0,0.040589
8da51b2b,bull,s9|s54|s59,3,0.0414993516,0.0163356021,34.3583,0.0,-9.7199,33,51.5152,0.173461,-2.8559,0.0,-7.8497,7,28.5714,0.007104
c9506ea5,bull,s21|s41|s92|s34,4,0.0632075501,0.0191474008,39.5519,0.0,-12.6001,41,39.0244,0.194734,-13.2351,0.0,-16.1231,13,15.3846,-0.014341
2e1806b8,bull,s59|s21|s36|s33,4,0.0475919664,0.0180197945,38.3384,0.0,-6.8915,32,50.0,0.180915,-6.6115,0.0,-10.4854,6,16.6667,-0.000948
5f8d67d7,bull,s75|s21|s14|s91,4,0.0764503073,0.016622837,40.5064,0.0,-20.7943,62,29.0323,0.18674,-9.848,0.0,-9.848,5,0.0,-0.006894
7de782ba,bull,s48|s36|s54|s43|s21,5,0.0589700416,0.0199557128,30.1842,0.0,-15.8806,50,38.0,0.187095,-10.9246,0.0,-13.9808,8,12.5,-0.007703
b61b7a5b,bull,s21|s10|s35|s68,4,0.0685109678,0.0147334438,40.2573,0.0,-13.9787,38,34.2105,0.168511,3.0696,0.0,-7.2482,7,28.5714,0.010675
0ad2d654,bull,s43|s55|s15|s42,4,0.0625339773,0.0194934175,36.0503,0.0,-18.0403,65,35.3846,0.196234,-14.9998,0.0,-18.4584,10,10.0,-0.017075
05673565,bull,s78|s96|s14|s48,4,0.0565699191,0.0171777089,27.6454,0.0,-13.8551,53,35.8491,0.176564,-5.2208,0.0,-10.6626,9,22.2222,0.002483
a7dd1ea8,bull,s94|s73|s9|s34,4,0.0644216446,0.0197693846,34.7505,0.0,-22.317,46,36.9565,0.168287,2.1388,0.0,-6.9182,6,33.3333,0.010536
3f3295bd,bear,s17|s57|s86|s101|s25,5,0.0751874362,0.0190268217,32.9704,0.0,-20.7537,51,31.3725,0.163738,1.6826,0.0,-17.5597,23,26.087,0.014864
fb894ec2,bull,s4|s21|s73,3,0.0635174226,0.0147743508,31.9552,0.0,-7.2691,42,33.3333,0.173051,-3.5241,0.0,-6.127,10,20.0,0.005505
74ca2050,bear,s66|s86|s62|s101|s99,5,0.0625259576,0.0181681393,35.1585,0.0,-14.4968,29,41.3793,0.128343,6.7454,0.0,-16.3921,36,30.5556,0.05002
bbf728f0,bull,s84|s45|s78|s41,4,0.0567121405,0.0184318854,52.4727,0.0,-7.0043,27,51.8519,0.185994,-11.2315,0.0,-11.2315,5,0.0,-0.007862
dab08b6a,bull,s21|s70|s48|s7,4,0.066176904,0.0104676908,51.8272,0.0,-13.5,38,34.2105,0.204775,-15.972,0.0,-15.972,12,0.0,-0.026833
52cad7e3,bull,s94|s7|s21|s10,4,0.0607876821,0.0168736288,34.5228,0.0,-17.8843,98,31.6327,0.179336,-5.6369,0.0,-15.4613,10,20.0,-0.001786
f560c695,bear,s23|s101|s18|s97|s86,5,0.0574127872,0.0190086971,18.3701,0.0,-16.8059,51,35.2941,0.128945,4.3372,0.0,-16.3228,37,32.4324,0.048601
511b21c5,bull,s68|s96|s21,3,0.0473874761,0.0106984023,32.3184,0.0,-5.725,39,38.4615,0.177437,-6.091,0.0,-8.6427,12,16.6667,-7e-05
5cae3003,bear,s86|s99|s17|s56|s80,5,0.0793732854,0.0154290908,30.1895,0.0,-14.5081,43,27.907,0.138421,7.3931,0.0,-14.4974,34,23.5294,0.038535
c899e122,bull,s10|s7|s47|s21,4,0.0594957462,0.0197386808,37.1516,0.0,-13.2729,42,40.4762,0.193382,-14.3951,0.0,-17.4055,13,15.3846,-0.016547
96127fdf,bear,s61|s101|s97|s86|s51,5,0.076094962,0.0186002031,27.6456,0.0,-19.6508,50,30.0,0.14163,5.6601,0.0,-16.9339,34,26.4706,0.03485
071313db,bear,s17|s86|s77|s31|s99,5,0.0766874407,0.0184712805,31.5101,0.0,-12.7319,37,32.4324,0.137005,4.1802,0.0,-12.7335,35,25.7143,0.038964
22ebdfcd,bull,s21|s42|s78|s36,4,0.0797142525,0.0195408478,51.0725,0.0,-23.3336,72,30.5556,0.225956,-26.9703,0.0,-28.2683,13,0.0,-0.050098
d6cc38a6,bull,s21|s95|s65,3,0.069937164,0.0105386082,54.731,0.0,-7.0272,29,37.931,0.180749,-7.0231,0.0,-7.0231,5,0.0,-0.004916
21f27639,bull,s21|s41|s7|s73,4,0.0783629556,0.0087187497,36.1172,0.0,-16.3331,55,21.8182,0.160924,2.3212,0.0,-6.1705,18,16.6667,0.014678
488dbbeb,bull,s35|s21|s68,3,0.079880887,0.0138197018,37.5416,0.0,-13.3409,43,27.907,0.166724,2.0364,0.0,-8.555,9,22.2222,0.008846
bfec6212,bull,s54|s75|s24|s63|s78,5,0.0718448228,0.0185522553,41.4773,0.0,-13.0509,39,35.8974,0.18287,-10.7303,0.0,-10.7303,5,0.0,-0.007511
f000479a,bull,s21|s82|s54,3,0.048336247,0.0142732364,27.0947,0.0,-14.5323,64,35.9375,0.172594,-5.8717,0.0,-8.173,10,20.0,0.002399
42a344ae,bull,s43|s21|s93|s64,4,0.0674036618,0.0195732646,35.4884,0.0,-15.3151,48,35.4167,0.194168,-14.9915,0.0,-17.2842,14,14.2857,-0.019309
b138cf39,bull,s70|s88|s14|s54,4,0.0362497939,0.0165836166,18.7126,0.0,-16.011,70,44.2857,0.159674,-5.7213,0.0,-11.6762,18,33.3333,0.015151
279c2e79,bull,s7|s21,2,0.0616924877,0.0191145702,30.8667,0.0,-15.0343,53,35.8491,0.185911,-12.6408,0.0,-13.452,16,18.75,-0.011094
c22cec34,bull,s96|s92|s21|s7|s54,5,0.0484478314,0.0108101102,29.5186,0.0,-12.6292,53,33.9623,0.182074,-8.7746,0.0,-11.3216,14,14.2857,-0.007338
6d80fd42,bull,s9|s60|s46|s92|s54,5,0.043124673,0.0189166222,25.1089,0.0,-14.9155,54,44.4444,0.189022,-14.2976,0.0,-17.5019,12,16.6667,-0.014327
e02e63a5,bull,s94|s91|s45,3,0.0367900197,0.0191751243,19.1682,0.0,-18.6992,97,45.3608,0.156658,-1.1526,0.0,-8.6124,10,40.0,0.01791
335e93c3,bull,s44|s3|s87|s63|s5,5,0.0772472264,0.0182465155,32.7699,0.0,-16.4018,66,28.7879,0.168238,4.907,0.0,-4.5752,2,50.0,0.006236
c73b8f9b,bull,s21|s42|s87,3,0.0442907507,0.0156232869,23.7829,0.0,-9.4037,55,40.0,0.18692,-12.908,0.0,-14.6018,13,15.3846,-0.012814
0b9f7083,bull,s21|s6|s95|s54|s7,5,0.0663293212,0.0166822966,26.7363,0.0,-12.5201,47,31.9149,0.155222,3.3376,0.0,-10.7636,14,28.5714,0.018697
81c079b1,bear,s80|s89|s86|s56|s77,5,0.0522810637,0.0133558604,32.3245,0.0,-9.9571,32,40.625,0.141633,8.143,0.0,-8.3714,14,35.7143,0.032088
0f5a2dd4,bull,s70|s39|s54|s21,4,0.0510542641,0.0142624536,31.408,0.0,-15.9974,48,37.5,0.182534,-9.597,0.0,-15.0625,9,11.1111,-0.009044
6d773d48,bull,s43|s94|s82|s47,4,0.050194824,0.0185941001,24.0761,0.0,-19.2907,53,39.6226,0.1573,2.1213,0.0,-6.6458,8,37.5,0.016168
a939cc63,bull,s21|s34|s94,3,0.0705301462,0.0160931942,42.8939,0.0,-25.8403,107,28.0374,0.178167,-6.7835,0.0,-14.7179,16,18.75,-0.004812
01028a50,bull,s87|s8|s47|s7,4,0.0290591375,0.019232422,8.0111,0.0,-10.8172,48,52.0833,0.149609,-3.8745,0.0,-10.7353,14,42.8571,0.022643
a0cbfdf8,bull,s46|s33|s8|s59|s95,5,0.0663027078,0.0184256265,30.9281,0.0,-13.4597,54,33.3333,0.183333,-7.9732,0.0,-21.1196,22,22.7273,-0.011911
efdae5ea,bull,s59|s73|s6|s39|s78,5,0.0434578357,0.0150483378,14.8529,0.0,-7.5907,53,37.7358,0.149847,1.3835,0.0,-5.576,11,36.3636,0.021537
7f033b4f,bull,s32|s10|s45|s1,4,0.0768589451,0.0191832357,48.423,0.0,-32.7456,111,28.8288,0.181942,-11.0145,0.0,-16.063,9,11.1111,-0.010604
b11c6036,bear,s101|s19|s86|s98,4,0.0694737926,0.0185249125,42.7064,0.0,-10.7513,26,42.3077,0.138057,6.3524,0.0,-10.7454,20,30.0,0.033269
8c011221,bull,s58|s21|s70|s45,4,0.0678992471,0.0185765994,55.9554,0.0,-6.5939,25,48.0,0.17402,-6.5841,0.0,-6.5841,3,0.0,-0.002765
b25b5b2a,bull,s21|s39|s93|s2|s59,5,0.0694363126,0.0141213975,60.8783,0.0,-5.3166,23,47.8261,0.170679,-1.8002,0.0,-5.7958,1,0.0,-0.000492
e2aeab35,bull,s63|s21|s8,3,0.0743670396,0.0196077037,31.5578,0.0,-15.3264,50,32.0,0.176252,-10.0742,0.0,-11.8521,16,18.75,-0.006273
19498672,bull,s6|s95|s21|s2|s75,5,0.0710550975,0.0128173865,34.5923,0.0,-17.1759,50,28.0,0.170842,-3.3168,0.0,-3.3168,2,0.0,-0.000929
04cb766d,bull,s1|s43|s87|s84,4,0.0564721338,0.0170616737,25.7232,0.0,-13.7781,47,36.1702,0.159865,-1.0283,0.0,-4.7786,7,28.5714,0.009417
d1ec285b,bull,s33|s1|s54|s78,4,0.0447282786,0.0190419719,18.6499,0.0,-15.5485,55,41.8182,0.153409,0.3145,0.0,-5.1691,8,37.5,0.01572
dd82b184,bull,s42|s63|s43|s94,4,0.044723363,0.0192144659,16.8919,0.0,-14.4154,50,42.0,0.150321,5.0161,0.0,-4.564,6,50.0,0.018765
328e327c,bull,s78|s39|s33|s47,4,0.0566051181,0.0178750709,26.5676,0.0,-19.582,49,36.7347,0.154574,-0.112,0.0,-6.3877,10,30.0,0.014078
5f85fda4,bull,s47|s83|s39|s43|s94,5,0.0496638322,0.019697782,23.827,0.0,-19.258,54,40.7407,0.159756,-0.6661,0.0,-10.5055,6,33.3333,0.007898
7ca024f2,bear,s99|s86|s66|s101|s81,5,0.0707310784,0.0118373131,32.37,0.0,-11.9698,43,27.907,0.152471,0.7959,0.0,-16.0004,50,20.0,0.015182
eab69681,bull,s11|s21|s68,3,0.0665209527,0.0147253505,36.9209,0.0,-13.9731,38,34.2105,0.158381,0.7698,0.0,-7.2526,8,25.0,0.009011
b75e5707,bull,s6|s94|s21|s9,4,0.0596810135,0.0180617862,24.8311,0.0,-17.081,62,33.871,0.149694,2.8897,0.0,-4.9712,9,33.3333,0.017396
d2039c12,bull,s36|s68|s35|s21,4,0.0651813826,0.0110990325,39.1977,0.0,-11.4077,37,32.4324,0.1627,-0.1532,0.0,-5.8724,5,20.0,0.004177
2a9199bf,bull,s54|s39|s59,3,0.0433802936,0.0167653121,29.2312,0.0,-12.3631,36,47.2222,0.159482,-2.723,0.0,-8.0143,7,28.5714,0.007109
de4d4433,bear,s16|s56|s86|s62|s99,5,0.0772166101,0.0184206531,30.1596,0.0,-22.0491,46,30.4348,0.134132,5.0437,0.0,-18.5291,39,25.641,0.032378
6e2874d4,bull,s21|s14|s48|s33,4,0.0747380517,0.017384706,59.7471,0.0,-6.6728,24,45.8333,0.171106,-8.2442,0.0,-8.2442,4,0.0,-0.004617
c4bb1216,bull,s59|s21|s82,3,0.0559805791,0.0190375305,29.4191,0.0,-16.2739,46,39.1304,0.171346,-10.2354,0.0,-12.6446,11,18.1818,-0.005353
15369e47,bull,s95|s60|s70|s21,4,0.0705713436,0.019536508,51.2555,0.0,-7.3245,27,44.4444,0.170846,-9.0379,0.0,-9.0379,4,0.0,-0.005061
85307553,bull,s78|s59|s96|s92|s11,5,0.0548044352,0.0198835161,27.2834,0.0,-23.8749,54,38.8889,0.154176,-2.651,0.0,-7.4316,10,30.0,0.01142
11b4b62e,bull,s10|s44|s74|s38,4,0.0760793111,0.0168424945,39.2073,0.0,-17.0814,109,26.6055,0.185401,-13.082,0.0,-17.9714,15,13.3333,-0.019873
ac657c53,bull,s34|s96|s21|s87,4,0.0621662927,0.0189122685,41.818,0.0,-9.9854,33,42.4242,0.174628,-12.0362,0.0,-12.0362,9,11.1111,-0.009166
011c46e3,bull,s9|s54|s12|s78|s48,5,0.0561225269,0.0183849231,23.5758,0.0,-18.7817,49,36.7347,0.145199,2.2233,0.0,-8.6123,12,33.3333,0.019933
bd649b83,bull,s91|s60|s95|s94,4,0.051793753,0.0196938632,26.4383,0.0,-20.2641,55,40.0,0.164961,-2.3516,0.0,-2.3516,1,0.0,-0.000329
0c751565,bear,s18|s62|s89|s17|s99,5,0.0529575596,0.0196097669,33.2095,0.0,-9.7023,36,44.4444,0.170686,-11.2243,0.0,-16.0147,26,26.9231,-0.006329
d4cd7259,bear,s17|s99|s26,3,0.0344650315,0.0174549225,13.6936,0.0,-6.2928,37,48.6486,0.134563,-1.9875,0.0,-12.5714,20,40.0,0.029734
fe04d258,bull,s96|s54|s59,3,0.0411554499,0.0132243612,28.7009,0.0,-9.8531,35,45.7143,0.155671,-1.3794,0.0,-6.6789,7,28.5714,0.008422
92180b3d,bull,s6|s21|s2|s96,4,0.0620475724,0.0129115542,38.1969,0.0,-20.0198,80,28.75,0.178978,-12.6886,0.0,-14.8068,8,0.0,-0.015228
51cc9ebb,bear,s86|s101|s89,3,0.0763444121,0.0191832811,41.4758,0.0,-22.7279,70,30.0,0.18772,-9.3296,0.0,-20.8834,36,22.2222,-0.023977
0c9851aa,bull,s64|s78|s96|s21,4,0.0772008845,0.0182110213,46.8215,0.0,-16.366,74,29.7297,0.227377,-27.0585,0.0,-28.4477,18,5.5556,-0.063688
84d878cd,bull,s95|s7|s11|s78,4,0.0580084719,0.0165614615,22.0467,0.0,-10.9473,61,32.7869,0.153706,-3.4716,0.0,-6.9343,12,25.0,0.009675
43a9a5da,bull,s92|s7|s21,3,0.0710849793,0.0111271042,36.7249,0.0,-17.893,53,26.4151,0.172466,-7.9655,0.0,-11.4273,16,12.5,-0.009166
83a88317,bull,s75|s88|s21|s96|s68,5,0.0633473497,0.0127137381,53.6602,0.0,-6.4902,23,47.8261,0.155778,-0.275,0.0,-8.0436,9,22.2222,0.007458
d0adc47d,bull,s87|s82|s45|s2|s54,5,0.0619134362,0.0188548146,40.1103,0.0,-9.9454,30,43.3333,0.156363,5.7467,0.0,-0.0,1,100.0,0.00646
d180280e,bull,s74|s48|s34|s94,4,0.0726488612,0.0190710398,33.0306,0.0,-25.2953,68,30.8824,0.148884,8.9389,0.0,-4.5337,4,50.0,0.013772
3f4fc4e2,bull,s59|s32|s54|s9,4,0.0391731684,0.0155075915,31.757,0.0,-9.3413,30,53.3333,0.155402,-2.8888,0.0,-7.5407,7,28.5714,0.007215
b360ce9a,bull,s21|s35|s7|s59|s68,5,0.0463384185,0.0155417807,21.7215,0.0,-16.1999,52,38.4615,0.153671,-3.2806,0.0,-9.3498,11,27.2727,0.008942
30cd5492,bull,s33|s92|s36|s21,4,0.0626975055,0.0178394556,51.7792,0.0,-4.3036,24,50.0,0.165219,-6.38,0.0,-6.38,3,0.0,-0.00268
c52b553d,bull,s15|s74|s54|s30,4,0.0519837113,0.0163080639,27.3235,0.0,-12.2469,44,38.6364,0.165847,-7.308,0.0,-12.8005,7,14.2857,-0.003469
56c79116,bull,s70|s21,2,0.0739319868,0.0186738917,48.2866,0.0,-20.3924,38,36.8421,0.184297,-16.7762,0.0,-16.7762,12,8.3333,-0.022184
66deda16,bull,s39|s21|s78|s43|s59,5,0.0647774455,0.0192257863,39.612,0.0,-21.7436,77,33.7662,0.194516,-20.3855,0.0,-22.2706,13,7.6923,-0.032572
f401c371,bull,s21|s64|s26,3,0.0794873333,0.0145039411,34.927,0.0,-15.5673,72,25.0,0.168006,-7.7185,0.0,-10.9129,19,15.7895,-0.006173
34b44e98,bull,s11|s78|s59|s9,4,0.0476753458,0.0166617976,18.2494,0.0,-11.5454,62,37.0968,0.149652,-2.3921,0.0,-6.5346,10,30.0,0.012166
f9abe835,bear,s99|s101|s86|s76,4,0.0728221539,0.0182284021,48.407,0.0,-12.6051,26,42.3077,0.147023,-0.7686,0.0,-17.2239,36,25.0,0.014583
413cdb71,bull,s34|s94|s69|s21,4,0.065503339,0.0132522031,31.9257,0.0,-17.3461,72,27.7778,0.158998,-2.6927,0.0,-6.6943,6,16.6667,0.002298
61ba32e9,bull,s21|s5|s78|s39,4,0.0543006072,0.0170194267,22.2615,0.0,-13.1813,60,35.0,0.154502,-4.885,0.0,-9.4089,12,25.0,0.006536
ac635128,bull,s47|s78|s69|s14,4,0.0574636734,0.0186507572,22.5286,0.0,-15.0079,50,36.0,0.153091,-1.6663,0.0,-9.2887,7,28.5714,0.007166
3d023b99,bull,s69|s75|s78|s87,4,0.0467646694,0.0196808796,32.9578,0.0,-7.9173,32,50.0,0.165171,-9.0963,0.0,-9.0963,4,0.0,-0.005094
75f11615,bear,s86|s99|s101|s89,4,0.0441262332,0.017565084,22.9279,0.0,-11.0669,41,43.9024,0.155979,-7.7606,0.0,-20.6428,43,32.5581,0.004045
1a16437a,bull,s33|s73|s21,3,0.0432058531,0.0152668757,22.7576,0.0,-7.7918,40,42.5,0.156124,-5.7335,0.0,-7.4517,9,22.2222,0.003848
5c98072a,bull,s54|s70|s9|s95,4,0.0606739445,0.019428942,38.7144,0.0,-13.3365,36,41.6667,0.172691,-12.5098,0.0,-18.116,9,11.1111,-0.01279
23dd14f7,bull,s96|s82|s54|s40,4,0.0503943548,0.0140497219,29.7343,0.0,-6.9875,31,41.9355,0.138744,10.4126,0.0,-3.5617,5,60.0,0.021097
4be09963,bull,s78|s65|s47|s33,4,0.0792676184,0.01958612,37.9842,0.0,-16.452,43,32.5581,0.172219,-13.274,0.0,-16.8028,6,0.0,-0.012421
9db5bbe8,bull,s32|s54|s4|s59,4,0.0456072677,0.0172920768,30.1189,0.0,-12.4717,34,47.0588,0.152481,-2.5581,0.0,-8.2001,7,28.5714,0.007123
5e13ad49,bull,s21|s94|s10|s70,4,0.0641435709,0.0189208479,33.4829,0.0,-19.5798,86,32.5581,0.172867,-11.8689,0.0,-20.2406,9,11.1111,-0.013476
78a00bce,bull,s94|s3|s96|s47,4,0.0515943481,0.0197855903,19.573,0.0,-15.5847,57,38.5965,0.147327,2.09,0.0,-4.6734,5,40.0,0.011434
1c30402f,bear,s99|s86|s17|s101,4,0.0420305595,0.0174016298,16.2567,0.0,-11.8144,53,41.5094,0.154112,-7.9279,0.0,-20.9205,42,33.3333,0.004643
6cb61ed9,bull,s87|s43|s94|s33,4,0.0652802447,0.0193146149,26.2321,0.0,-21.6554,64,32.8125,0.1384,11.279,0.0,-8.7098,6,50.0,0.020278
f59e4d92,bull,s7|s94|s30|s63,4,0.0685086941,0.0183309142,40.0418,0.0,-16.8907,34,38.2353,0.152457,4.0469,0.0,-3.7213,2,50.0,0.006201
9b150abf,bull,s54|s87|s33,3,0.0314103199,0.0163381775,13.6505,0.0,-14.5295,47,48.9362,0.148353,-4.1102,0.0,-9.1307,9,33.3333,0.01011
af3993c9,bull,s82|s54|s87,3,0.0488512548,0.0193252492,17.1314,0.0,-15.7708,59,38.9831,0.138162,3.4034,0.0,-11.3005,10,40.0,0.019942
300a8669,bull,s87|s54|s42|s7,4,0.0641547053,0.0167703396,26.6315,0.0,-17.0149,53,32.0755,0.151708,-1.3627,0.0,-15.184,12,25.0,0.005759
b421ea14,bull,s9|s65|s54|s92|s59,5,0.0416574265,0.018298072,28.6016,0.0,-8.7367,31,51.6129,0.150682,-3.7905,0.0,-8.5835,7,28.5714,0.006272
68e4c698,bull,s41|s47|s7|s21|s87,5,0.0535627321,0.0193434119,27.7258,0.0,-16.6679,81,37.037,0.172011,-12.6613,0.0,-18.885,21,23.8095,-0.015066
76ff249b,bull,s94|s96|s47|s59|s82,5,0.0758225193,0.0199875688,39.1506,0.0,-33.6819,75,30.6667,0.147557,1.7558,0.0,-8.8349,7,28.5714,0.009273
832a78a2,bull,s64|s42|s21|s95,4,0.0629461408,0.0162460186,39.0319,0.0,-7.8223,37,37.8378,0.182169,-17.0556,0.0,-17.6311,13,7.6923,-0.02549
0734faf3,bull,s14|s95|s21,3,0.0688194997,0.0111243009,42.6903,0.0,-12.759,38,31.5789,0.172688,-12.7541,0.0,-12.7541,9,0.0,-0.01607
1054c4e8,bull,s44|s54|s3|s14,4,0.073457483,0.0189803654,29.8471,0.0,-17.3273,82,29.2683,0.155211,-2.5429,0.0,-11.9639,5,20.0,0.001394
58dddef7,bull,s47|s1|s65|s78,4,0.0519959181,0.0190860684,20.7844,0.0,-15.4213,49,38.7755,0.150136,-2.8777,0.0,-9.4432,7,28.5714,0.006422
d50dd692,bull,s70|s94|s83|s91|s40,5,0.0705359639,0.0195594624,30.7938,0.0,-19.8886,59,32.2034,0.16012,-7.516,0.0,-13.2613,7,14.2857,-0.003779
189af967,bear,s17|s81|s52|s76|s99,5,0.0759445055,0.0127873142,35.8948,0.0,-12.6523,38,28.9474,0.146273,1.0397,0.0,-15.8044,30,20.0,0.010047
0578097c,bull,s78|s21|s74|s84,4,0.0508576828,0.0171742387,29.3638,0.0,-8.6237,35,42.8571,0.154109,-4.4774,0.0,-6.7706,5,20.0,0.002178
72b4638d,bull,s21|s10|s68|s34,4,0.0639447032,0.0165845447,33.5484,0.0,-15.257,43,34.8837,0.166043,-10.5818,0.0,-13.8388,13,15.3846,-0.009799
d7241b51,bull,s9|s54|s68,3,0.0418669707,0.0143258936,22.7885,0.0,-12.0792,40,42.5,0.145933,-1.7857,0.0,-10.4536,10,30.0,0.010299
21882150,bull,s21|s33|s8|s48,4,0.0498132656,0.0173654576,29.6781,0.0,-6.3265,34,44.1176,0.157818,-8.0948,0.0,-8.0948,7,14.2857,-0.001933
99718402,bear,s56|s86|s26,3,0.0674648534,0.0100323794,32.4643,0.0,-13.1613,39,28.2051,0.136491,2.5594,0.0,-10.6744,25,20.0,0.019107
1a5541c2,bull,s40|s54|s96|s11,4,0.0589274315,0.0165616283,29.3805,0.0,-9.8856,34,38.2353,0.137748,5.7757,0.0,-8.1566,8,37.5,0.017781
dcb3f4ed,bear,s101|s81|s26,3,0.0494138831,0.0159773379,24.8791,0.0,-10.3541,37,40.5405,0.140656,-2.3742,0.0,-7.733,14,28.5714,0.014845
62e12a26,bull,s95|s24|s36|s21,4,0.074474288,0.0115934252,48.5643,0.0,-7.5201,28,35.7143,0.15615,-3.082,0.0,-3.082,2,0.0,-0.000863
8b7a872e,bull,s21|s78|s39,3,0.0569194529,0.0191654098,31.0555,0.0,-22.2622,78,35.8974,0.165128,-12.3838,0.0,-14.8003,15,20.0,-0.010181
5ed6fece,bull,s54|s87|s15|s42,4,0.0355954323,0.0172187667,29.7243,0.0,-8.1846,27,59.2593,0.146946,-2.3097,0.0,-8.1751,6,33.3333,0.007948
b5aeae2c,bull,s36|s54|s94|s21,4,0.0595921784,0.0141738101,42.469,0.0,-7.0387,28,42.8571,0.155305,-1.8094,0.0,-5.1783,1,0.0,-0.000455
4bc1ef77,bull,s69|s21|s78|s2,4,0.0676077404,0.019525646,28.0571,0.0,-16.0947,47,34.0426,0.156108,-4.6191,0.0,-6.3157,2,0.0,-0.001497
de885ca7,bull,s54|s30|s15|s32,4,0.0348287225,0.0174561471,15.7725,0.0,-15.1257,46,47.8261,0.148296,-4.637,0.0,-8.2688,7,28.5714,0.00593
77d62a80,bull,s94|s59|s91|s8,4,0.0373168658,0.0175698844,9.1733,0.0,-10.2813,51,43.1373,0.135261,5.5936,0.0,-4.2419,5,60.0,0.018965
578564a1,bull,s91|s83|s68|s8|s94,5,0.0337696227,0.0175478158,8.24,0.0,-11.5417,55,45.4545,0.134698,4.5205,0.0,-2.2826,5,60.0,0.019123
cf701113,bull,s43|s59|s4|s21|s87,5,0.0472226137,0.0185366148,16.7388,0.0,-12.725,56,39.2857,0.146637,-5.3748,0.0,-9.2681,11,27.2727,0.007153
8f0a90d1,bull,s24|s78|s1|s95,4,0.059777291,0.0193668486,26.5461,0.0,-14.8145,46,36.9565,0.158802,-9.5402,0.0,-9.5402,4,0.0,-0.005343
132937e9,bull,s42|s54|s79|s87|s43,5,0.0498560846,0.0155075698,20.4684,0.0,-12.9636,56,35.7143,0.150126,-4.1736,0.0,-15.3531,12,25.0,0.002939
1c11b41d,bull,s4|s21|s59|s69,4,0.0542344563,0.0149314337,36.4205,0.0,-8.5121,30,43.3333,0.150087,-2.6963,0.0,-7.3185,5,20.0,0.002726
505d1a6e,bull,s2|s15|s93|s42,4,0.0677502404,0.0104633441,36.6591,0.0,-21.2992,78,24.359,0.155816,-5.6365,0.0,-6.7398,4,0.0,-0.003421
0c427b92,bull,s70|s59|s7|s95|s54,5,0.0511016498,0.0153900053,22.2518,0.0,-17.0586,50,36.0,0.145831,-3.7229,0.0,-11.0262,12,25.0,0.006487
3dd1579b,bull,s83|s33|s68|s14|s21,5,0.0469333896,0.0171924875,24.8943,0.0,-10.1882,34,44.1176,0.136928,1.9028,0.0,-8.1714,8,37.5,0.015296
8e6d0e26,bull,s63|s21|s36|s24|s87,5,0.0770560848,0.015962007,39.1298,0.0,-8.066,33,33.3333,0.153332,-3.9363,0.0,-4.5719,2,0.0,-0.001178
05618af0,bull,s54|s47|s69,3,0.0461348266,0.0192684002,26.5073,0.0,-15.6218,34,47.0588,0.136231,2.9887,0.0,-8.9452,7,42.8571,0.015917
3e54edc1,bull,s75|s45|s4|s78,4,0.065440486,0.0192586596,38.6338,0.0,-9.1354,32,40.625,0.159363,-11.051,0.0,-11.051,5,0.0,-0.007736
9f85635c,bull,s78|s48|s59|s94|s64,5,0.0608653871,0.0191573969,35.5144,0.0,-16.4457,34,41.1765,0.14705,-1.4839,0.0,-4.5573,4,25.0,0.004431
4ce9023f,bull,s87|s8|s4|s21,4,0.0590713872,0.0112882436,27.2433,0.0,-10.1721,47,29.7872,0.157749,-8.123,0.0,-10.1804,10,10.0,-0.006607
9c411e18,bull,s33|s42|s54|s21,4,0.0386694315,0.0189838241,14.2838,0.0,-9.5913,46,45.6522,0.152092,-8.9784,0.0,-12.0134,9,22.2222,-0.000952
e596276a,bull,s87|s60|s21,3,0.072400232,0.0141404288,37.1814,0.0,-14.0529,38,31.5789,0.152991,-5.3129,0.0,-5.3129,3,0.0,-0.002231
d95c9f4d,bull,s70|s54|s35|s30,4,0.0548926059,0.0153679587,28.3386,0.0,-19.3571,65,33.8462,0.156822,-8.3208,0.0,-14.0728,8,12.5,-0.00608
b77a428c,bull,s21|s47|s34|s7|s68,5,0.0382927444,0.0184330548,16.0504,0.0,-14.6801,63,44.4444,0.153495,-11.8621,0.0,-16.6191,23,30.4348,-0.002761
18ac2e4a,bull,s64|s95|s21|s9,4,0.0646719489,0.0157102582,27.4658,0.0,-14.6608,59,30.5085,0.157406,-9.6452,0.0,-11.3413,17,17.6471,-0.006686
bd257e53,bull,s30|s63|s94,3,0.0731919189,0.0180163868,39.5922,0.0,-16.2272,33,36.3636,0.144393,4.5354,0.0,-3.6899,2,50.0,0.006283
bf7d2919,bull,s48|s24|s4|s73|s54,5,0.0454198799,0.0131829776,29.0215,0.0,-9.3022,32,43.75,0.140435,1.1885,0.0,-6.6626,6,33.3333,0.010172
d108aa0e,bull,s93|s96|s21|s43|s68,5,0.0493587731,0.010851902,29.8061,0.0,-5.7858,34,38.2353,0.14727,-4.4704,0.0,-7.2267,11,18.1818,0.003296
071cbbef,bull,s43|s94|s58|s87,4,0.0571031618,0.0155804176,21.907,0.0,-16.2461,55,32.7273,0.137072,8.6711,0.0,-3.4541,3,66.6667,0.013459
89e14f2c,bull,s21|s9|s63|s33,4,0.0441802257,0.0170132499,25.2906,0.0,-6.7226,35,45.7143,0.152696,-8.3856,0.0,-8.3856,7,14.2857,-0.002218
2082d499,bull,s73|s10|s70|s21,4,0.0788024098,0.010670767,46.1316,0.0,-13.681,33,30.303,0.154699,-5.8808,0.0,-9.7833,10,10.0,-0.004575
d38dcfb7,bull,s70|s88|s96|s73,4,0.0797049059,0.0184179579,41.5184,0.0,-13.9744,31,35.4839,0.142973,0.171,0.0,-18.3809,21,23.8095,0.007127
630a7bc9,bull,s93|s21|s88,3,0.0679753656,0.0173747984,36.7752,0.0,-10.2748,28,39.2857,0.131115,5.7489,0.0,-6.2519,9,33.3333,0.018763
ae415005,bull,s4|s94|s15|s21,4,0.065142041,0.0189490655,28.2897,0.0,-19.6041,71,32.3944,0.15153,-4.5111,0.0,-8.3964,2,0.0,-0.001729
0b6558ae,bear,s76|s98|s52|s101|s86,5,0.0725800432,0.0125980302,27.6502,0.0,-12.7049,45,26.6667,0.137238,-1.9206,0.0,-6.5891,21,19.0476,0.012471
4fca1fc7,bull,s10|s44|s93|s32|s63,5,0.0756984004,0.0190190091,36.0156,0.0,-16.9243,94,28.7234,0.17946,-18.8755,0.0,-20.6813,13,7.6923,-0.029762
4a1097dd,bull,s54|s87|s14|s43,4,0.0556643251,0.0148889417,33.7633,0.0,-8.631,32,40.625,0.147863,-2.5488,0.0,-10.4885,5,20.0,0.001834
476f0df4,bull,s35|s21|s34|s78,4,0.0611429078,0.0195945809,31.5413,0.0,-20.5614,65,35.3846,0.170635,-16.6464,0.0,-18.7614,11,9.0909,-0.021031
ea1066a7,bull,s47|s64|s96|s78,4,0.0481112659,0.0185273311,24.1951,0.0,-20.5759,57,40.3509,0.156105,-12.127,0.0,-13.8878,17,23.5294,-0.006658
54bdaf84,bull,s92|s21|s34|s96,4,0.0665450594,0.0127583599,53.5134,0.0,-6.5082,25,44.0,0.163265,-12.5838,0.0,-12.5838,8,0.0,-0.014094
20589bdb,bull,s11|s83|s21|s59|s74,5,0.0736932884,0.0104698849,44.1434,0.0,-8.3326,31,32.2581,0.153977,-6.9934,0.0,-6.9934,5,0.0,-0.004895
67edd3ea,bull,s78|s91|s10|s44,4,0.0609856477,0.0194687974,49.3866,0.0,-18.5085,93,35.4839,0.248473,-34.5146,0.0,-37.6414,21,4.7619,-0.099413
9e691fab,bull,s8|s94|s34|s78|s59,5,0.0625203068,0.0167795721,29.6271,0.0,-21.2912,84,30.9524,0.147492,-3.2424,0.0,-15.3614,9,22.2222,0.00137
f5e0712e,bull,s45|s96|s64|s21,4,0.0729610828,0.0171547323,35.8726,0.0,-8.1642,35,34.2857,0.155298,-9.858,0.0,-10.0807,9,11.1111,-0.006541
b948ae4c,bull,s78|s14|s48|s60,4,0.0459997781,0.0193280876,16.7322,0.0,-14.3861,51,41.1765,0.1473,-5.1668,0.0,-8.9627,5,20.0,0.001244
f9b70b05,bull,s59|s54|s10,3,0.0352290557,0.0150684022,20.4855,0.0,-12.2326,37,48.6486,0.141481,-3.405,0.0,-7.3745,7,28.5714,0.006996
8a206f62,bull,s7|s21|s26,3,0.0693232136,0.0181958049,30.7445,0.0,-17.7178,72,30.5556,0.161491,-12.0095,0.0,-13.6016,21,19.0476,-0.013314
07423dba,bull,s9|s32|s63|s54|s68,5,0.0406557082,0.0192697109,24.7771,0.0,-12.0412,31,51.6129,0.135051,-0.9685,0.0,-8.9456,8,37.5,0.013086
265eddd1,bull,s44|s54|s41|s88,4,0.0354815641,0.0168395637,15.138,0.0,-10.1543,60,45.0,0.165089,-15.7454,0.0,-17.3954,23,26.087,-0.016977
39c6ccd7,bear,s29|s28|s101,3,0.0672990915,0.0147872042,33.9158,0.0,-9.0329,34,32.3529,0.139824,0.9054,0.0,-9.0277,8,25.0,0.008246
10a2c4f2,bull,s15|s95|s54,3,0.0380263968,0.0165496863,25.9285,0.0,-9.8118,28,53.5714,0.131596,1.7333,0.0,-6.0159,7,42.8571,0.016444
2d1f651f,bull,s21|s47|s14|s60,4,0.0607593073,0.0193562979,39.0887,0.0,-6.8129,26,46.1538,0.142676,0.7817,0.0,-5.2259,3,33.3333,0.005247
c6332479,bull,s84|s59|s94|s91|s45,5,0.0520766879,0.0170103497,22.4063,0.0,-15.1693,45,37.7778,0.141706,2.5822,0.0,-2.0917,2,50.0,0.006162
4b51fe97,bull,s58|s78|s47|s7,4,0.0483964983,0.0170027013,18.1978,0.0,-12.585,53,37.7358,0.148244,-6.0488,0.0,-10.015,6,16.6667,-0.000509
2b847171,bull,s34|s21|s5|s94,4,0.0631177501,0.0189602637,31.6968,0.0,-25.3633,61,34.4262,0.153976,-9.9393,0.0,-12.5425,8,12.5,-0.006382
098757bf,bull,s78|s59|s10|s84,4,0.0601774884,0.0167860151,43.287,0.0,-9.0214,26,46.1538,0.147964,-5.4968,0.0,-10.4891,6,16.6667,-0.000415
8dea7d29,bull,s84|s78|s59,3,0.0443295715,0.0197381707,32.1841,0.0,-7.3736,28,53.5714,0.149705,-8.2899,0.0,-11.8204,6,16.6667,-0.002234
3161bc35,bull,s36|s24|s78|s73,4,0.0787815406,0.0186195703,29.2167,0.0,-16.6506,51,29.4118,0.15515,-11.3098,0.0,-11.3098,5,0.0,-0.007917
e52d887b,bull,s40|s14|s96|s54,4,0.0529728731,0.0156505753,24.5853,0.0,-7.9308,40,37.5,0.149639,-6.0896,0.0,-15.8945,10,20.0,-0.002408
96f11b83,bull,s9|s47|s32|s63|s54,5,0.0456769265,0.0157663781,28.6166,0.0,-12.9062,33,45.4545,0.139993,-1.7919,0.0,-9.4501,7,28.5714,0.007027
ff7e588d,bull,s73|s53|s58|s78,4,0.0621166858,0.0194215694,33.8353,0.0,-11.6139,35,40.0,0.15435,-11.1173,0.0,-11.1173,5,0.0,-0.007782
bad06f5f,bull,s73|s10|s21|s14,4,0.0711815121,0.0141414149,41.4911,0.0,-13.5604,31,35.4839,0.143676,-2.612,0.0,-5.3158,6,16.6667,0.002833
e3dbe4c3,bull,s96|s94|s87|s7,4,0.0725618855,0.0168907861,36.805,0.0,-32.5178,101,27.7228,0.132835,9.4068,0.0,-6.0549,4,50.0,0.013557
a7abbc17,bull,s15|s10|s48|s4,4,0.0649401858,0.0187164968,32.213,0.0,-21.9885,95,31.5789,0.157623,-12.2189,0.0,-15.7906,9,11.1111,-0.011325
bb25e00b,bull,s41|s34|s87|s21,4,0.0578497732,0.01609149,22.2172,0.0,-13.6173,51,33.3333,0.148017,-8.2286,0.0,-11.1155,15,20.0,-0.001878
951afad7,bull,s75|s93|s78,3,0.0728259079,0.0169572237,41.771,0.0,-7.2656,29,37.931,0.150267,-8.0817,0.0,-8.0817,4,0.0,-0.004526
eb0b439c,bull,s9|s68|s21|s58,4,0.0629722129,0.0162335826,37.3965,0.0,-8.2775,30,40.0,0.146852,-3.9898,0.0,-4.6251,2,0.0,-0.001193
eb9c4ffd,bull,s83|s21|s93|s4|s34,5,0.0645351755,0.0193111046,30.6353,0.0,-6.8398,34,38.2353,0.147375,-7.9127,0.0,-7.9127,7,14.2857,-0.001754
b25b5f76,bear,s25|s89|s86,3,0.0773364926,0.0183315635,35.9904,0.0,-16.5071,36,33.3333,0.139997,-1.0324,0.0,-17.0633,17,23.5294,0.005191
acce5c38,bull,s92|s21|s60|s14,4,0.078495322,0.010670025,50.3838,0.0,-6.0334,25,36.0,0.145717,-2.8996,0.0,-2.8996,2,0.0,-0.000812
945a2477,bull,s59|s34|s82|s21|s87,5,0.0438361151,0.01887154,16.7962,0.0,-10.9509,47,42.5532,0.152272,-12.1387,0.0,-13.5186,11,18.1818,-0.007604
a82e31ed,bull,s69|s39|s21|s59,4,0.0456097568,0.0179781379,32.3199,0.0,-6.7711,27,51.8519,0.142842,-4.6877,0.0,-8.4688,5,20.0,0.001584
8a54fd8d,bull,s59|s70|s21,3,0.0770111853,0.0191103086,45.7651,0.0,-24.3531,44,34.0909,0.186801,-22.5429,0.0,-23.9515,15,6.6667,-0.042608
b1c301bd,bull,s88|s36|s54|s73|s14,5,0.0658032599,0.0196986115,29.0984,0.0,-23.0804,66,33.3333,0.147152,-8.0116,0.0,-14.3633,14,21.4286,-0.003038
3866b164,bull,s83|s70|s21,3,0.0771873294,0.0179781492,43.465,0.0,-19.8256,38,34.2105,0.164931,-15.8723,0.0,-16.1992,12,8.3333,-0.020901
ab120c86,bull,s4|s59|s21,3,0.045592205,0.0168420735,15.3265,0.0,-10.0683,46,39.1304,0.136613,-4.5205,0.0,-10.0809,11,27.2727,0.007369
69d3dbf8,bull,s21|s93|s41|s58|s48,5,0.0709044813,0.0190900079,43.3974,0.0,-7.1972,26,42.3077,0.145039,-4.5429,0.0,-5.1745,2,0.0,-0.001348
ce81f699,bull,s88|s42|s47|s59|s15,5,0.0404799113,0.0196406027,22.2921,0.0,-12.2958,34,50.0,0.137551,-4.6677,0.0,-7.9995,7,28.5714,0.006026
befd32b6,bull,s21|s58|s68,3,0.0730273293,0.0116325417,44.1728,0.0,-10.3988,29,34.4828,0.144387,-3.0897,0.0,-3.0897,2,0.0,-0.000865
9886a754,bull,s41|s47|s78|s11,4,0.0457458102,0.019690634,17.1754,0.0,-17.5409,61,40.9836,0.13903,-7.2362,0.0,-10.9277,11,27.2727,0.00442
8c3b3a8d,bull,s48|s64|s21,3,0.0620426501,0.0186243839,23.783,0.0,-14.738,53,33.9623,0.152805,-11.9818,0.0,-12.9109,16,18.75,-0.009731
706a3cdf,bull,s94|s82|s73|s4|s83,5,0.0708956746,0.0188404031,28.2124,0.0,-22.3507,65,30.7692,0.138105,1.8623,0.0,-8.3756,3,33.3333,0.004939
b43392e4,bull,s34|s94|s54|s84,4,0.0507939846,0.0118549854,20.6002,0.0,-11.5146,50,32.0,0.143857,-3.1301,0.0,-6.4537,2,0.0,-0.001275
7b5b12ac,bull,s10|s92|s58|s38|s96,5,0.0693112925,0.0190924303,34.4838,0.0,-24.118,117,29.9145,0.155325,-12.1679,0.0,-15.5888,13,15.3846,-0.012814
e1b6476a,bull,s54|s65|s41|s83|s47,5,0.0454041739,0.0162120761,24.5341,0.0,-11.5024,34,44.1176,0.133268,-0.0454,0.0,-7.8016,6,33.3333,0.00917
427fb09f,bull,s96|s44|s54|s10,4,0.059869929,0.0184634359,33.8256,0.0,-16.9521,116,32.7586,0.182722,-18.5774,0.0,-26.3712,19,15.7895,-0.040301
fb4fc06b,bull,s88|s21|s44|s47|s10,5,0.0434957711,0.0194831417,13.1255,0.0,-14.8717,50,42.0,0.133887,-8.1599,0.0,-14.5563,22,31.8182,0.008424
80e2ea65,bull,s54|s44|s3|s94,4,0.0659376639,0.0171734836,20.8876,0.0,-11.0531,52,30.7692,0.142699,-2.1079,0.0,-5.4666,1,0.0,-0.000497
55917d7b,bull,s59|s43|s34|s94,4,0.0695828072,0.0149663199,29.9396,0.0,-22.6558,51,29.4118,0.140026,-1.2892,0.0,-11.1168,5,20.0,0.002149
84507102,bull,s15|s30|s68|s36|s54,5,0.0385132741,0.0136887758,14.6841,0.0,-12.075,59,38.9831,0.139461,-5.5155,0.0,-10.1039,9,22.2222,0.002573
9d6df729,bear,s17|s61|s26,3,0.0674237834,0.0104094688,30.059,0.0,-17.6785,50,26.0,0.145201,-6.01,0.0,-9.6455,20,15.0,-0.003191
4d1361c4,bull,s73|s33|s78|s94|s59,5,0.0777607692,0.0190425556,43.4961,0.0,-10.9554,29,37.931,0.147848,-8.8558,0.0,-12.5644,4,0.0,-0.005849
e786f7cb,bull,s33|s60|s21|s48,4,0.0741144022,0.0186684206,52.6796,0.0,-4.9387,21,47.619,0.142279,-2.257,0.0,-2.257,1,0.0,-0.000316
1182571b,bull,s94|s14|s42|s87,4,0.0588804466,0.0196042523,25.1509,0.0,-26.1641,65,35.3846,0.128265,8.5802,0.0,-3.8503,3,66.6667,0.013366
2912bb60,bull,s94|s83|s41,3,0.065017404,0.0196095493,31.3118,0.0,-29.4154,79,32.9114,0.135735,3.5812,0.0,-6.3318,2,50.0,0.005813
ac8d8429,bull,s30|s45|s75|s15|s43,5,0.0596776423,0.0148162314,23.5513,0.0,-14.0328,62,30.6452,0.144042,-7.546,0.0,-7.6476,8,12.5,-0.0025
08b66332,bull,s54|s94|s74|s30,4,0.0425830982,0.0183499602,13.1336,0.0,-14.554,48,41.6667,0.128518,5.4082,0.0,-3.7362,3,66.6667,0.012625
f9fcb74f,bull,s21|s9|s78|s83|s1,5,0.0627171192,0.0180598122,25.25,0.0,-14.8068,61,32.7869,0.15494,-13.8502,0.0,-14.9555,10,10.0,-0.014053
7b8aa5f8,bull,s78|s33|s14|s93,4,0.0452923429,0.018656486,16.8937,0.0,-18.55,54,40.7407,0.134147,-3.3078,0.0,-8.7182,7,28.5714,0.006486
56f335ef,bear,s90|s80|s86|s19|s99,5,0.0597157141,0.0188728015,28.4005,0.0,-16.8681,36,38.8889,0.129358,-5.7383,0.0,-14.929,36,27.7778,0.011227
e3cbd27a,bull,s87|s11|s42|s21,4,0.0593397725,0.0189825815,29.319,0.0,-8.8455,32,40.625,0.136073,-1.5678,0.0,-4.5191,4,25.0,0.004414
06b25e42,bull,s54|s39|s59|s35,4,0.0358628548,0.0171492011,19.5735,0.0,-13.9529,36,50.0,0.134233,-4.2927,0.0,-8.1468,7,28.5714,0.006174
f64ddd97,bull,s21|s48|s64|s14,4,0.0634189522,0.0109149405,39.4776,0.0,-9.9355,31,35.4839,0.145424,-7.2048,0.0,-7.2048,5,0.0,-0.005043
608552a9,bull,s21|s73|s70,3,0.0587600678,0.0116926857,35.2243,0.0,-15.8991,42,33.3333,0.162288,-14.0634,0.0,-14.5597,14,7.1429,-0.021981
f4faee1f,bull,s14|s2|s21|s95,4,0.0782354339,0.0164792418,43.6476,0.0,-8.4853,27,37.037,0.140533,-2.0327,0.0,-2.0327,1,0.0,-0.000285
a164fcbd,bull,s21|s58|s68|s64,4,0.0628077308,0.011529205,38.974,0.0,-10.3307,30,36.6667,0.140942,-3.0693,0.0,-3.0693,2,0.0,-0.000859
c77bc0a9,bull,s21|s9|s70|s63,4,0.0704251556,0.0145464526,44.2298,0.0,-16.9954,38,34.2105,0.173709,-20.0227,0.0,-20.0227,12,0.0,-0.033638
bf48f188,bull,s21|s59|s34|s8,4,0.0515364423,0.0177366952,22.1059,0.0,-14.7979,50,38.0,0.15803,-13.5594,0.0,-19.4315,16,18.75,-0.01801
041dea87,bull,s14|s73|s46|s42|s54,5,0.0377660368,0.0149761914,17.0058,0.0,-19.7018,71,40.8451,0.131453,-6.1633,0.0,-12.928,17,29.4118,0.008431
85c8c9e8,bull,s54|s69|s35|s73,4,0.0481042774,0.0129902061,28.5588,0.0,-10.4674,31,41.9355,0.129356,1.78,0.0,-6.5926,6,33.3333,0.010481
9c69d379,bull,s94|s10|s55,3,0.0615375839,0.0187909118,24.4376,0.0,-17.8508,83,32.5301,0.141788,-5.7258,0.0,-14.4654,6,16.6667,-0.001956
bf729ab8,bull,s44|s10|s78|s95|s36,5,0.0767805209,0.0197696121,40.7726,0.0,-20.4105,119,28.5714,0.187573,-23.7829,0.0,-28.0282,15,6.6667,-0.047765
4d1af1e7,bull,s41|s21|s59|s69,4,0.0424874673,0.0130209234,24.4108,0.0,-4.9958,32,43.75,0.1369,-3.0409,0.0,-6.6092,5,20.0,0.002801
e297aa48,bull,s75|s34|s91|s21,4,0.0705985472,0.0174398708,31.1032,0.0,-22.8459,55,30.9091,0.148602,-10.2676,0.0,-14.0127,9,11.1111,-0.00896
ebbcc774,bull,s33|s42|s88|s21,4,0.0542091933,0.0199870683,19.6402,0.0,-17.8481,65,36.9231,0.135786,-6.796,0.0,-15.5117,18,27.7778,0.003461
0b2a9f2a,bear,s57|s19|s18|s100|s86,5,0.0770395636,0.01219797,30.1281,0.0,-18.506,53,24.5283,0.138579,-0.6597,0.0,-17.3349,27,18.5185,0.000492
748a4781,bull,s11|s92|s78|s64,4,0.0515220212,0.0175948975,15.2026,0.0,-12.6431,56,35.7143,0.130024,-4.0749,0.0,-8.3967,11,27.2727,0.008872
fad38f5c,bull,s47|s83|s7|s15|s78,5,0.0298367995,0.0161561993,6.3539,0.0,-10.0915,51,47.0588,0.136318,-7.4155,0.0,-10.1708,8,25.0,0.002372
62699bab,bull,s59|s10|s54|s96,4,0.0516759794,0.0163079827,29.7474,0.0,-16.3341,33,42.4242,0.130192,-0.9453,0.0,-7.8405,7,28.5714,0.008178
c1729bc6,bull,s1|s54|s73,3,0.0437020682,0.0158842697,24.7204,0.0,-13.1644,33,45.4545,0.129196,-0.2508,0.0,-7.6841,6,33.3333,0.009113
c05f0b5f,bull,s21|s78|s4|s84,4,0.0522357726,0.0173413159,25.4368,0.0,-8.2236,34,41.1765,0.136412,-4.4226,0.0,-8.2229,5,20.0,0.001764
e377205e,bull,s64|s78|s1|s59,4,0.0580578817,0.0196289665,17.0291,0.0,-14.2121,51,35.2941,0.131362,-2.0358,0.0,-9.644,7,28.5714,0.006809
18bff13d,bull,s82|s21|s87|s47|s58,5,0.0708388253,0.019087503,35.2633,0.0,-13.508,36,36.1111,0.150381,-13.0186,0.0,-16.5577,6,0.0,-0.01221
5fc966dc,bull,s54|s95|s21|s15|s82,5,0.0580242224,0.0134962113,29.5652,0.0,-8.433,33,36.3636,0.133355,-0.032,0.0,-5.1263,4,25.0,0.004759
fe819ad9,bull,s21|s43|s82|s48,4,0.0741546151,0.0184828358,33.4403,0.0,-12.7689,39,33.3333,0.152454,-14.6364,0.0,-14.6364,7,0.0,-0.014344
fc745202,bull,s21|s70|s93,3,0.0669463555,0.013435262,42.2106,0.0,-16.0526,38,34.2105,0.16972,-18.9449,0.0,-18.9449,12,0.0,-0.031827
378df022,bull,s87|s54|s15,3,0.043184106,0.0145599926,26.7267,0.0,-11.0625,30,46.6667,0.128232,0.1994,0.0,-7.182,6,33.3333,0.00951
9d9c8ae7,bull,s63|s10|s44|s96|s38,5,0.0619615692,0.0177611294,32.5283,0.0,-16.0664,126,30.9524,0.174771,-16.1556,0.0,-24.758,22,18.1818,-0.037114
d9baa2ee,bull,s82|s21|s33|s59,4,0.0576203448,0.0120427969,39.6372,0.0,-12.0803,30,40.0,0.145385,-9.2032,0.0,-9.2032,6,0.0,-0.007731
98b4031e,bull,s78|s96|s36|s48,4,0.0518852401,0.0170367139,17.893,0.0,-14.4905,53,35.8491,0.135648,-5.9515,0.0,-10.5966,9,22.2222,0.001993
279e15de,bull,s60|s73|s21,3,0.0599796608,0.0164500337,35.0638,0.0,-8.3511,29,41.3793,0.138817,-4.0281,0.0,-4.6631,2,0.0,-0.001204
bf163bbe,bull,s36|s92|s1|s78,4,0.0577095288,0.0197239909,21.1289,0.0,-13.779,46,36.9565,0.141724,-9.2934,0.0,-12.42,7,14.2857,-0.004421
7a8fa4fa,bull,s60|s95|s78|s33,4,0.0783949046,0.0169352066,30.5818,0.0,-10.4406,40,30.0,0.144804,-9.9891,0.0,-13.6515,5,0.0,-0.008091
0efc70e8,bull,s75|s21|s78|s39,4,0.0687652528,0.0130352078,34.1083,0.0,-8.1939,34,32.3529,0.142059,-8.1932,0.0,-8.1932,5,0.0,-0.005735
7d55db37,bull,s54|s21|s14|s69,4,0.0705393781,0.0175771553,28.0881,0.0,-11.6238,40,32.5,0.139985,-6.3935,0.0,-15.2177,7,14.2857,-0.003972
b3919c19,bull,s15|s21|s68|s43|s5,5,0.0625194783,0.0162428976,30.4747,0.0,-21.4496,89,30.3371,0.148561,-11.0389,0.0,-16.8028,13,15.3846,-0.012587
36c2a1d7,bull,s88|s54|s41|s96,4,0.039077401,0.0132024951,14.0597,0.0,-11.6461,73,36.9863,0.132259,-6.8713,0.0,-17.3162,28,28.5714,0.003517
3f51e8c0,bull,s7|s42|s54|s68|s83,5,0.0603832389,0.0150673087,30.8497,0.0,-14.0429,36,36.1111,0.136514,-4.3123,0.0,-15.5375,10,20.0,-0.000772
3d086b71,bull,s70|s54|s59,3,0.0341694503,0.016415178,17.6415,0.0,-13.5974,36,50.0,0.129437,-4.2644,0.0,-7.8835,7,28.5714,0.006301
ae22d6a1,bull,s39|s91|s63|s78,4,0.0552706412,0.0195799683,27.7947,0.0,-7.7958,33,42.4242,0.141942,-10.9934,0.0,-10.9934,8,12.5,-0.006313
da6c9103,bull,s45|s9|s54|s73|s36,5,0.0489568815,0.0108994269,23.3689,0.0,-7.6575,37,35.1351,0.130172,-1.6841,0.0,-9.9231,9,22.2222,0.005429
52b5c7bf,bull,s96|s68|s21|s94|s43,5,0.0769175438,0.0083406544,43.7052,0.0,-32.9453,84,20.2381,0.136699,-2.0508,0.0,-11.9369,15,13.3333,-0.001204
1f158bef,bull,s21|s39|s59,3,0.0743630072,0.0128385851,37.8873,0.0,-12.6464,36,30.5556,0.147799,-11.1504,0.0,-14.7656,7,0.0,-0.012446
cc1f51d1,bull,s48|s2|s14|s54|s21,5,0.0739878303,0.0157367342,28.6832,0.0,-11.2587,40,30.0,0.136765,-3.8882,0.0,-7.1858,2,0.0,-0.001484
21d2e763,bull,s78|s33|s96|s47|s15,5,0.0618395495,0.0191656162,33.3767,0.0,-34.3032,110,32.7273,0.128779,-4.717,0.0,-9.717,12,25.0,0.006475
b5fd3fe3,bull,s59|s42|s21,3,0.060166433,0.0198928205,33.149,0.0,-16.5798,37,40.5405,0.151314,-14.4417,0.0,-16.9976,13,15.3846,-0.016278
d21fd942,bull,s83|s33|s78|s6,4,0.0602645268,0.0196831625,25.5165,0.0,-17.9927,43,37.2093,0.137356,-7.8663,0.0,-13.6014,10,20.0,-0.002454
d596fb70,bull,s92|s4|s78|s96,4,0.0551223841,0.0193570026,21.2098,0.0,-19.8522,54,37.037,0.136394,-8.8546,0.0,-13.2572,13,23.0769,-0.001549
b141e1f7,bull,s42|s68|s21,3,0.0662067117,0.0199337496,25.3189,0.0,-13.4598,43,34.8837,0.142371,-10.3304,0.0,-14.8019,15,20.0,-0.007718
8682ca3f,bull,s8|s21|s30,3,0.0797911648,0.0167093443,36.0891,0.0,-20.542,84,26.1905,0.161302,-14.5218,0.0,-16.1795,21,14.2857,-0.026783
7a8037d8,bull,s84|s78|s24|s73,4,0.0470248132,0.0193303788,36.3295,0.0,-7.2538,23,56.5217,0.134836,-2.9295,0.0,-2.9295,1,0.0,-0.00041
50caab9e,bull,s21|s59|s34|s69,4,0.0611575609,0.0118518373,40.2012,0.0,-9.8529,28,39.2857,0.139498,-7.6429,0.0,-7.6429,5,0.0,-0.00535
1deeda5c,bull,s73|s11|s1|s78,4,0.0636021285,0.0184120455,23.3247,0.0,-13.0855,44,34.0909,0.137557,-8.0559,0.0,-11.7769,7,14.2857,-0.003458
fec161d1,bull,s59|s33|s4|s21,4,0.0523740136,0.0137373548,25.9302,0.0,-10.7023,38,36.8421,0.138427,-7.481,0.0,-11.7206,8,12.5,-0.004414
997b53fa,bull,s21|s10|s30|s96,4,0.0679161245,0.0153323011,28.5857,0.0,-16.0357,58,29.3103,0.154167,-16.0312,0.0,-16.0312,9,0.0,-0.020199
0887f36c,bull,s21|s4|s47|s41,4,0.0654993911,0.0143630021,24.9135,0.0,-10.482,47,29.7872,0.148115,-11.7517,0.0,-15.3425,11,9.0909,-0.014468
b59766d4,bull,s47|s14|s21|s10,4,0.0756680999,0.0187282702,38.1241,0.0,-12.8071,34,35.2941,0.149571,-14.7941,0.0,-18.261,7,0.0,-0.015954
c7069fb4,bull,s94|s59|s43,3,0.0683818893,0.018959561,26.0941,0.0,-23.0344,60,31.6667,0.130273,-0.7103,0.0,-10.4838,4,25.0,0.003257
82ee3693,bull,s45|s95|s94|s6|s35,5,0.0604137171,0.0193727504,19.1523,0.0,-15.1799,49,34.6939,0.132448,-3.8836,0.0,-11.5002,5,20.0,0.000996
286a54a9,bull,s87|s84|s34|s58,4,0.049174975,0.018612917,21.3011,0.0,-23.1209,56,39.2857,0.133699,-2.2514,0.0,-2.8981,1,0.0,-0.000354
07b62973,bear,s85|s99|s17|s101|s51,5,0.076633345,0.0086121513,42.1388,0.0,-10.7766,31,29.0323,0.13846,-6.0586,0.0,-7.8642,18,11.1111,-0.005218
a25ac783,bull,s44|s47|s59|s10|s91,5,0.0404752634,0.0186390374,19.6435,0.0,-18.8754,87,42.5287,0.149534,-14.4907,0.0,-20.3699,12,16.6667,-0.016577
3b40b9df,bull,s92|s8|s82|s21,4,0.0703741301,0.0158168332,30.8991,0.0,-11.341,37,32.4324,0.138284,-9.1034,0.0,-9.1034,9,11.1111,-0.00547
bfd0a394,bull,s94|s59|s27,3,0.0701031721,0.0198223763,34.4038,0.0,-32.5309,90,31.1111,0.133356,-2.3663,0.0,-6.3388,1,0.0,-0.00057
aef64ad3,bull,s59|s21|s65,3,0.0529961669,0.0108546741,31.41,0.0,-8.548,32,37.5,0.135997,-5.7795,0.0,-5.7795,4,0.0,-0.003237
a2288523,bull,s78|s93|s11,3,0.0425650063,0.0191827541,11.6072,0.0,-13.9284,58,41.3793,0.128781,-7.6973,0.0,-11.1009,11,27.2727,0.0039
268457f0,bull,s87|s73|s14|s7|s54,5,0.0495636055,0.0136448474,23.7463,0.0,-17.7002,44,36.3636,0.132858,-4.3289,0.0,-11.6169,6,16.6667,-0.00026
6d2902ba,bull,s96|s21|s87|s82,4,0.0650263586,0.0141040859,30.5053,0.0,-7.0131,32,34.375,0.130628,-3.1487,0.0,-7.0147,6,16.6667,0.001963
2e4b62e7,bull,s96|s46|s4|s68,4,0.0771587627,0.0197018538,33.5542,0.0,-23.0886,47,31.9149,0.151054,-9.8466,0.0,-19.3224,28,21.4286,-0.018518
6d3cc605,bull,s59|s78|s14|s84,4,0.032051495,0.0174082836,19.9157,0.0,-6.7084,28,57.1429,0.129341,-4.2396,0.0,-6.8339,4,25.0,0.003003
ca787eab,bull,s11|s1|s21|s59|s92,5,0.0630084625,0.0139888383,37.7629,0.0,-8.6345,28,39.2857,0.136083,-6.9682,0.0,-6.9682,4,0.0,-0.003902
9afb627a,bull,s21|s59|s24,3,0.0602090129,0.0171413923,32.5771,0.0,-13.8225,33,39.3939,0.136635,-8.1441,0.0,-8.1441,4,0.0,-0.004561
f6e0c9bc,bull,s78|s38|s53|s58,4,0.0725544593,0.018401665,25.2147,0.0,-13.0803,45,31.1111,0.139456,-10.66,0.0,-10.66,5,0.0,-0.007462
23443450,bull,s21|s6|s94,3,0.0625516723,0.0146145864,24.1169,0.0,-15.2306,69,28.9855,0.137732,-8.8718,0.0,-10.9358,9,11.1111,-0.006293
2f7df574,bull,s60|s21|s95|s33,4,0.0651981491,0.0198675796,36.8078,0.0,-5.2443,25,44.0,0.131749,-2.3764,0.0,-2.3764,1,0.0,-0.000333
23451db3,bull,s74|s69|s21|s54,4,0.0688896881,0.0133659515,29.9891,0.0,-14.5167,40,30.0,0.133125,-4.1189,0.0,-13.0181,7,14.2857,-0.001774
1057ff33,bull,s21|s35|s26,3,0.0678314164,0.0153239196,26.3375,0.0,-7.4724,38,31.5789,0.135029,-7.16,0.0,-10.9934,8,12.5,-0.003859
9f16320e,bull,s21|s54|s11|s41,4,0.0440018724,0.0119250465,15.3908,0.0,-11.3668,53,33.9623,0.12935,-4.8487,0.0,-10.5759,10,20.0,0.001775
b67b6707,bull,s21|s14|s95|s54|s3,5,0.0604442269,0.0176648272,21.8789,0.0,-8.3466,40,35.0,0.133981,-6.3178,0.0,-7.5403,3,0.0,-0.002874
99300811,bull,s54|s96|s10,3,0.0780333913,0.0168167416,45.0322,0.0,-28.2434,136,25.7353,0.172605,-14.228,0.0,-22.1748,29,17.2414,-0.041593
bbfec79e,bull,s21|s10|s68,3,0.0674970841,0.0191700419,26.2726,0.0,-16.2269,48,33.3333,0.150153,-14.554,0.0,-17.7365,14,14.2857,-0.019199
66c8e48e,bull,s78|s21|s41|s88|s45,5,0.0511133235,0.0197548516,28.4444,0.0,-15.413,42,42.8571,0.164732,-19.8577,0.0,-21.5906,18,16.6667,-0.033913
ac93aa4c,bull,s63|s78|s8|s75,4,0.0783757371,0.0184976649,42.1117,0.0,-7.6824,26,38.4615,0.135608,-8.6598,0.0,-8.6598,4,0.0,-0.004849
f8a58d98,bull,s6|s33|s30|s21,4,0.0761735328,0.0157690161,29.1244,0.0,-13.0785,41,29.2683,0.135355,-8.5797,0.0,-8.5922,9,11.1111,-0.004817
2b97575c,bull,s60|s21|s63,3,0.0639232817,0.0175070636,36.6492,0.0,-6.7555,26,42.3077,0.131692,-4.2362,0.0,-4.8698,2,0.0,-0.001262
1417b1b3,bull,s95|s78|s65,3,0.0615653078,0.0185230427,23.2075,0.0,-14.8875,53,33.9623,0.150054,-17.0961,0.0,-18.1226,8,0.0,-0.01964
7469d675,bull,s34|s92|s21|s58,4,0.0733226801,0.0198568103,46.0105,0.0,-6.9583,22,45.4545,0.131793,-4.6937,0.0,-5.3243,2,0.0,-0.00139
f0565fd1,bull,s1|s87|s78,3,0.0659860868,0.019287697,23.2534,0.0,-16.1692,55,32.7273,0.142688,-13.6629,0.0,-16.6389,6,0.0,-0.012548
cffd09d9,bull,s54|s39|s24|s59|s48,5,0.0347771603,0.0161332541,18.3225,0.0,-11.4813,34,50.0,0.128415,-4.9515,0.0,-7.7754,5,20.0,0.001687
25f22b91,bull,s73|s96|s91|s21|s35,5,0.0620925453,0.0192669006,32.7848,0.0,-24.6077,117,32.4786,0.154752,-15.1217,0.0,-17.8602,24,20.8333,-0.024752
4235afe7,bull,s64|s21|s59,3,0.0614056088,0.0188537644,27.8569,0.0,-17.5301,61,34.4262,0.162116,-18.2576,0.0,-19.7642,19,15.7895,-0.032283
940c5af0,bull,s87|s96|s21,3,0.0726580909,0.0199642551,23.049,0.0,-9.7664,40,32.5,0.128317,-5.8953,0.0,-9.7686,10,20.0,0.001423
9a6d744b,bull,s21|s59|s34,3,0.0406104196,0.0176262813,14.3522,0.0,-11.0064,52,42.3077,0.151313,-16.0909,0.0,-20.1619,16,18.75,-0.021952
3e8f637a,bull,s54|s9|s21,3,0.0450981937,0.016806598,19.5628,0.0,-16.8757,76,38.1579,0.142098,-12.5669,0.0,-17.2979,21,23.8095,-0.012908
8de29fab,bull,s1|s21|s59,3,0.0591754203,0.0158096323,32.6875,0.0,-9.4703,30,40.0,0.133403,-7.651,0.0,-7.651,4,0.0,-0.004285
ba58fe7f,bull,s69|s48|s21,3,0.0641751895,0.0140746326,41.2786,0.0,-4.2336,23,43.4783,0.13011,-3.5637,0.0,-3.5637,2,0.0,-0.000998
03371ebe,bull,s34|s55|s69|s21,4,0.0694845752,0.0196601377,35.5911,0.0,-14.072,31,38.7097,0.134092,-9.0908,0.0,-9.0908,4,0.0,-0.005091
b45d1023,bull,s95|s65|s91|s21|s10,5,0.0793291199,0.0166525759,41.9802,0.0,-24.3192,113,25.6637,0.171954,-23.6476,0.0,-23.6476,13,0.0,-0.043039
02706719,bull,s78|s43|s24|s63,4,0.0775626279,0.0193649838,26.6044,0.0,-13.1614,42,30.9524,0.134224,-9.5395,0.0,-9.5395,4,0.0,-0.005342
89db58c5,bull,s21|s65|s14|s87,4,0.0770270375,0.0089838279,34.0336,0.0,-9.8851,35,25.7143,0.128535,-2.5693,0.0,-2.5693,2,0.0,-0.000719
eb273c51,bull,s21|s92|s96|s7,4,0.0751180444,0.0090009649,44.4258,0.0,-8.7152,28,32.1429,0.138872,-9.8929,0.0,-9.8929,8,0.0,-0.01108
ead497a1,bull,s58|s36|s78|s73,4,0.0592834186,0.0193419885,17.8885,0.0,-15.5819,52,34.6154,0.128655,-6.2043,0.0,-11.0845,6,16.6667,-0.000968
fde2c0b6,bull,s78|s59|s53|s4,4,0.0506971985,0.0197632887,22.4497,0.0,-11.276,35,42.8571,0.129179,-7.1605,0.0,-11.2738,6,16.6667,-0.001496
3356de11,bull,s24|s59|s21|s39,4,0.0609274313,0.0127930046,35.3206,0.0,-9.6159,29,37.931,0.131212,-6.5183,0.0,-6.5183,4,0.0,-0.00365
5900ada0,bull,s95|s14|s21|s58,4,0.0702430822,0.0139331635,39.3946,0.0,-10.2338,27,37.037,0.128514,-3.5403,0.0,-3.5403,2,0.0,-0.000991
a5c2d0f1,bull,s5|s87|s21,3,0.0791190551,0.010369643,33.4126,0.0,-6.9542,34,26.4706,0.130696,-5.6027,0.0,-8.286,10,10.0,-0.003454
b56bb5cf,bull,s34|s21|s14|s83,4,0.0604332977,0.0183624331,34.3892,0.0,-8.6035,28,42.8571,0.134578,-10.6475,0.0,-10.6475,5,0.0,-0.007453
5e75ab62,bull,s83|s75|s78|s8,4,0.0432385182,0.0199064835,23.7464,0.0,-8.3295,30,50.0,0.131998,-9.1774,0.0,-9.1774,4,0.0,-0.005139
14354107,bull,s63|s47|s60|s21|s14,5,0.0634668584,0.0178206815,35.4201,0.0,-6.3743,26,42.3077,0.12973,-6.3675,0.0,-10.1773,3,0.0,-0.00336
5f702316,bull,s21|s95|s4|s1,4,0.0708793493,0.0144017445,39.0686,0.0,-8.8247,27,37.037,0.130092,-7.1239,0.0,-7.1239,4,0.0,-0.003989
3aec9045,bull,s84|s45|s78,3,0.0606151374,0.0199254379,34.4456,0.0,-7.4227,27,44.4444,0.134378,-11.9052,0.0,-11.9052,5,0.0,-0.008334
a7cb30e9,bull,s41|s21|s26,3,0.0625049542,0.0179456171,19.5946,0.0,-14.9148,56,32.1429,0.130063,-9.9647,0.0,-11.3123,19,21.0526,-0.004042
b6c42c3c,bear,s89|s100|s17|s77|s52,5,0.0584266316,0.014689868,27.1016,0.0,-7.5919,33,36.3636,0.128516,-7.5877,0.0,-7.5877,8,12.5,-0.002498
aea6be8c,bull,s21|s59|s35|s33,4,0.0505745313,0.011813737,31.5068,0.0,-6.5915,29,41.3793,0.133627,-9.0793,0.0,-9.0793,6,0.0,-0.007627
d97f6f4c,bear,s52|s86|s97|s101|s23,5,0.0427073804,0.0185816457,16.2426,0.0,-14.8988,44,43.1818,0.131841,-12.1537,0.0,-15.4279,19,26.3158,-0.006061
d59f4a22,bull,s45|s21|s58,3,0.0701658281,0.0121518632,34.5879,0.0,-7.8803,31,32.2581,0.131121,-7.7814,0.0,-7.7814,5,0.0,-0.005447
3fbf7bb7,bull,s3|s21|s44|s36,4,0.0742019493,0.0194260357,27.403,0.0,-22.4386,94,28.7234,0.128466,-7.1423,0.0,-11.7068,7,14.2857,-0.002917
69aa0a11,bull,s96|s94|s15|s21|s42,5,0.0613849143,0.0199703588,34.4675,0.0,-30.9995,123,33.3333,0.144871,-14.839,0.0,-20.8333,13,15.3846,-0.019683
82559226,bull,s83|s36|s4|s21,4,0.0770759275,0.0157730916,32.9371,0.0,-6.5111,31,32.2581,0.129573,-7.6439,0.0,-8.255,4,0.0,-0.004427
d7b19df7,bull,s7|s21|s63,3,0.0739010348,0.0133238127,30.0671,0.0,-20.2332,53,26.4151,0.138814,-10.3166,0.0,-13.1903,16,12.5,-0.013868
6bdc2146,bull,s21|s42|s9|s40|s96,5,0.0600766631,0.0198355625,42.4833,0.0,-22.2051,132,34.0909,0.205591,-22.143,0.0,-32.5085,33,21.2121,-0.080824
73823754,bull,s59|s39|s42|s78,4,0.0590983577,0.0178341193,19.6226,0.0,-15.4946,57,33.3333,0.132006,-10.1245,0.0,-15.3923,8,12.5,-0.007868
3c592f1c,bull,s96|s21|s73,3,0.0441720433,0.0135117057,23.9303,0.0,-6.7945,33,42.4242,0.133723,-11.2209,0.0,-11.2209,10,10.0,-0.009709
a3c60069,bear,s52|s99|s86|s100|s29,5,0.0430223132,0.015322642,19.6846,0.0,-16.2701,53,39.6226,0.148796,-11.8529,0.0,-22.6476,45,28.8889,-0.025819
7bca69af,bull,s10|s7|s44|s68,4,0.0607713393,0.0199380701,24.6203,0.0,-19.5937,122,32.7869,0.138061,-11.0653,0.0,-21.1521,21,23.8095,-0.015241
0822166a,bear,s18|s77|s57|s86|s71,5,0.0739289946,0.0098961755,32.5494,0.0,-17.4133,44,25.0,0.134603,-7.6116,0.0,-10.569,29,13.7931,-0.012049
de36cf1e,bull,s60|s78|s21|s14,4,0.0630605489,0.0158465331,22.9833,0.0,-16.4288,63,30.1587,0.133123,-11.2697,0.0,-14.88,6,0.0,-0.010766
542ac2ac,bull,s78|s5|s35|s59|s47,5,0.0617708305,0.0198398637,25.7397,0.0,-16.9385,57,35.0877,0.157406,-21.2073,0.0,-24.5332,13,7.6923,-0.035191
04839ebe,bear,s52|s17|s99|s80|s76,5,0.078854387,0.0099806013,33.0009,0.0,-13.1145,41,24.3902,0.135981,-9.0372,0.0,-10.628,19,10.5263,-0.013852
b67cab3d,bull,s96|s43|s3|s15,4,0.0712729474,0.0105074792,42.9815,0.0,-28.5337,139,21.5827,0.151073,-12.3665,0.0,-18.1691,20,10.0,-0.029589
1f23dcb0,bull,s92|s21|s41,3,0.0605201825,0.018856712,18.5777,0.0,-14.6159,50,34.0,0.132463,-12.6236,0.0,-13.3828,16,18.75,-0.011006
54f58388,bull,s10|s9|s94|s78,4,0.0592552975,0.0190372961,34.6727,0.0,-24.6997,93,34.4086,0.167818,-21.8889,0.0,-28.1677,17,11.7647,-0.0465
49c1916a,bull,s73|s10|s21,3,0.0699014635,0.0107133784,31.068,0.0,-14.9776,40,27.5,0.129471,-8.0562,0.0,-11.1314,11,9.0909,-0.008436
7acc879f,bull,s21|s43|s96|s54|s30,5,0.0584044059,0.0123833016,26.0774,0.0,-11.429,70,28.5714,0.155737,-17.6166,0.0,-19.3986,16,6.25,-0.035172
ada975cd,bull,s60|s38|s10|s1,4,0.0750032752,0.0183652125,31.009,0.0,-25.7323,113,27.4336,0.12914,-10.5796,0.0,-13.7191,9,11.1111,-0.009026
1c4cfa73,bull,s21|s78|s10,3,0.0585809942,0.0183925019,45.8191,0.0,-26.4782,87,35.6322,0.210738,-31.1712,0.0,-33.2241,23,8.6957,-0.091204
9a5caf34,bull,s9|s44|s83|s88|s73,5,0.0365597655,0.0154565149,16.8318,0.0,-8.164,42,45.2381,0.149982,-18.5341,0.0,-18.5578,21,19.0476,-0.03052
c743185f,bull,s30|s78|s41|s15,4,0.0611529087,0.0196511798,22.2723,0.0,-19.2221,58,34.4828,0.134871,-15.8744,0.0,-19.2974,7,0.0,-0.016995
f57d61ed,bull,s21|s83|s96,3,0.0503601584,0.0146790076,28.1855,0.0,-8.2658,31,41.9355,0.132526,-13.9328,0.0,-13.9328,8,0.0,-0.015605
cdfd7e3d,bull,s33|s45|s4|s21,4,0.0794539821,0.014056439,31.0222,0.0,-8.6682,35,28.5714,0.128659,-11.922,0.0,-12.0839,7,0.0,-0.011752
05d50cc1,bull,s78|s73|s70|s36,4,0.075513853,0.0185132409,29.9155,0.0,-22.4473,57,29.8246,0.141794,-18.9406,0.0,-22.2388,9,0.0,-0.025646
775081f6,bull,s73|s21|s70|s9,4,0.0572420269,0.0085661017,27.3252,0.0,-12.9318,42,28.5714,0.131224,-10.5837,0.0,-11.8163,14,7.1429,-0.015779
37a3966b,bear,s52|s62|s99|s23|s86,5,0.0438536469,0.0147444185,20.9447,0.0,-13.9174,39,41.0256,0.128781,-11.2753,0.0,-18.5616,37,27.027,-0.014582
a3e4d2d9,bull,s78|s10|s8|s93,4,0.0516865342,0.016388151,22.7313,0.0,-12.901,65,35.3846,0.158376,-21.4462,0.0,-23.4557,18,11.1111,-0.044215
94a3f9b4,bull,s83|s9|s21|s96,4,0.0535209013,0.0147777425,31.6561,0.0,-8.0504,28,42.8571,0.129385,-14.0023,0.0,-14.0023,8,0.0,-0.015683
8c6a2a3f,bull,s96|s33|s55|s21|s45,5,0.0600817513,0.0195407805,17.9178,0.0,-13.2435,49,34.6939,0.133302,-16.6936,0.0,-16.6936,11,9.0909,-0.019708
49a9dd30,bull,s43|s54|s21,3,0.0562539889,0.0169257164,21.799,0.0,-15.806,69,33.3333,0.139778,-15.078,0.0,-21.0588,18,16.6667,-0.026456
91126e78,bull,s34|s42|s21|s75|s30,5,0.0758663705,0.0189569705,34.1396,0.0,-27.8185,79,29.1139,0.140445,-18.7896,0.0,-18.7896,13,7.6923,-0.028197
0e857051,bear,s99|s52|s29|s86,4,0.0416050222,0.0132447376,15.6201,0.0,-11.0569,51,37.2549,0.141074,-13.9324,0.0,-18.9948,43,25.5814,-0.030934
7a7818d6,bull,s70|s21|s63,3,0.0584441425,0.0100131514,30.6767,0.0,-13.1006,38,31.5789,0.135388,-15.5026,0.0,-15.5026,12,0.0,-0.026044
549bedcd,bull,s21|s6|s44|s9,4,0.0731871116,0.0131276216,39.3592,0.0,-15.9746,83,25.3012,0.185417,-24.8519,0.0,-24.8519,26,7.6923,-0.078461
e757af56,bull,s30|s6|s21|s59|s33,5,0.0640476218,0.0145490784,21.8184,0.0,-10.5792,47,29.7872,0.136204,-18.5248,0.0,-21.84,11,0.0,-0.030716
9916cadf,bull,s88|s44|s9|s54,4,0.0500213739,0.0148942908,16.5775,0.0,-11.3064,49,34.6939,0.133743,-18.1832,0.0,-18.8473,24,16.6667,-0.038052
cf0cc9b7,bull,s68|s35|s10|s46,4,0.0774194231,0.0186019757,27.1913,0.0,-18.9508,55,29.0909,0.139186,-19.8062,0.0,-25.4276,22,13.6364,-0.050423
2dc4eeeb,bull,s10|s78|s59|s91,4,0.0586859327,0.0196343733,22.733,0.0,-17.6428,43,37.2093,0.128683,-22.6088,0.0,-24.8347,14,7.1429,-0.040183
a9a580ff,bear,s86|s17|s89|s99|s101,5,0.0709721628,0.0097682809,32.2169,0.0,-18.7441,65,23.0769,0.141866,-14.0444,0.0,-18.3301,45,13.3333,-0.064051
f83a664e,bull,s10|s30|s91|s96,4,0.0750669321,0.0158204281,31.7214,0.0,-20.0759,119,25.2101,0.142288,-24.5496,0.0,-28.12,23,8.6957,-0.071977
00cef2d3,bull,s93|s10|s78|s83|s41,5,0.065229208,0.0174887078,23.3424,0.0,-15.0704,65,30.7692,0.140466,-31.1631,0.0,-32.5215,17,0.0,-0.075554
b7d4cd86,bull,s47|s42|s78,3,0.0779637089,0.0194471818,33.177,0.0,-23.2211,68,29.4118,0.15128,-35.0038,0.0,-36.1649,18,0.0,-0.089464
a2cef79a,bull,s8|s10|s21|s78,4,0.0637876249,0.0194647401,34.2077,0.0,-25.6757,84,33.3333,0.159804,-37.3618,0.0,-38.4796,23,4.3478,-0.115848
3d581fd9,bull,s41|s96|s21|s46,4,0.0639357689,0.0108983437,29.9049,0.0,-14.194,80,25.0,0.152038,-28.2686,0.0,-30.12,32,6.25,-0.118198
965b7730,bull,s21|s78|s64,3,0.0656038935,0.0167314143,30.0251,0.0,-22.3678,103,29.1262,0.140376,-30.8941,0.0,-32.3203,29,10.3448,-0.109912
